va	cdr3a	vb	cdr3b
TRAV12-1*01	CVVNEEDALIF	TRBV20-1*01	CSVSRDRNTGELFF
TRAV12-1*01	CVVNKDDKIIF	TRBV7-8*01	CALSDQNTGELFF
TRAV12-1*01	CVVNKEDKIIF	TRBV13*01	CATLTDRNTGELFF
TRAV12-1*01	CVVNRDDKIIF	TRBV4-3*01	CASSHRNTLEAFF
TRAV12-1*01	CVVNRDDKIIF	TRBV7-9*01	CASGHPNDLKAFF
TRAV12-1*01	CVVNHLDRLMF	TRBV7-9*01	CASSHDISLFF
TRAV12-1*01	CVVNKEDRLMF	TRBV30*01	CAFGQQNTGELFF
TRAV12-1*01	CVVNKEDRLMF	TRBV5-1*01	CASGDTNTGELFF
TRAV12-1*01	CVVNKEDRLMF	TRBV7-8*01	CASHSDRNTGELFF
TRAV12-1*01	CVVNVRDRLMF	TRBV7-9*01	CASTDDIEAFF
TRAV12-1*01	CVVNEADKLIF	TRBV9*01	CASSEQNTGELFF
TRAV12-1*01	CVVNEEDKLIF	TRBV7-9*01	CAGSTSLTGELFF
TRAV12-1*01	CVVNEGDKLIF	TRBV7-9*01	CASANPDTGELFF
TRAV12-1*01	CVVNGNTDKLIF	TRBV7-9*01	CASNEQNSNEQFF
TRAV12-1*01	CVVNKGDKLIF	TRBV7-9*01	CASSPDIEAFF
TRAV12-1*01	CVVNSFDKLIF	TRBV7-9*01	CASSLEIEQYF
TRAV12-1*01	CVVNYDTDKLIF	TRBV2*01	CATGGLNTGELFF
TRAV12-1*01	CVVNNAGNMLTF	TRBV15*01	CATQNLNTGELFF
TRAV12-1*01	CVVNALDDMRF	TRBV7-8*01	CASSLGYEQFF
TRAV12-1*01	CVVNDEDDMRF	TRBV4-3*01	CASSDRNTGELFF
TRAV12-1*01	CVVNDLDDMRF	TRBV7-9*01	CASSPDSEQYF
TRAV12-1*01	CVVNEDNDMRF	TRBV6-1*01	CAEQDLNTGELFF
TRAV12-1*01	CVVNEEDDMRF	TRBV2*01	CARRGNQNTGELFF
TRAV12-1*01	CVVNGGNDMRF	TRBV2*01	CASSDLNTGELFF
TRAV12-1*01	CVVNGKGDDMRF	TRBV7-8*01	CAIASQNTGELFF
TRAV12-1*01	CVVNIFDDMRF	TRBV5-1*01	CASSDSNTGELFF
TRAV12-1*01	CVVNKDDDMRF	TRBV28*01	CASQDRNTGELFF
TRAV12-1*01	CVVNKMDDMRF	TRBV20-1*01	CSARTDHNTGELFF
TRAV12-1*01	CVVNNEDDMRF	TRBV12-3*01	CGSGIQNTGELFF
TRAV12-1*01	CVVNNNNDMRF	TRBV19*01	CAGQYANTGELFF
TRAV12-1*01	CVVNNNNDMRF	TRBV6-5*01	CAIEDLNTGELFF
TRAV12-1*01	CVVNNNNDMRF	TRBV7-8*01	CAEEETNTGELFF
TRAV12-1*01	CVVNQYNDMRF	TRBV12-3*01	CASFQDQNTGELFF
TRAV12-1*01	CVVNRDNDMRF	TRBV19*01	CASMDLNTGELFF
TRAV12-1*01	CVVNRDNDMRF	TRBV5-1*01	CASGEENTGELFF
TRAV12-1*01	CVVNRDNDMRF	TRBV7-2*01	CAIGDLNTGELFF
TRAV12-1*01	CVVNREDDMRF	TRBV6-5*01	CASSYRNTGELFF
TRAV12-1*01	CVVNRGDDMRF	TRBV7-9*01	CASGSGNTGELFF
TRAV12-1*01	CVVNRKDDMRF	TRBV4-1*01	CAIQDANTGELFF
TRAV12-1*01	CVVNRLDDMRF	TRBV5-5*01	CATLGSNTGELFF
TRAV12-1*01	CVVNRNDDMRF	TRBV29-1*01	CSAQWDRNTGELFF
TRAV12-1*01	CVVNRNNDMRF	TRBV15*01	CATQDGNTGELFF
TRAV12-1*01	CVVNRNNDMRF	TRBV2*01	CATQSDPNTGELFF
TRAV12-1*01	CVVNRQDDMRF	TRBV7-8*01	CAAHDSNTGELFF
TRAV12-1*01	CVVNRRDDMRF	TRBV12-3*01	CASTEGNTGELFF
TRAV12-1*01	CVVNRYDGLTF	TRBV20-1*01	CSAGERNTGELFF
TRAV12-1*01	CVVNDGNKLVF	TRBV2*01	CASQELDTGELFF
TRAV12-1*01	CVVNRADKLVF	TRBV7-9*01	CASSDANTGELFF
TRAV12-2*01	CAVNEEDKIIF	TRBV7-9*01	CALGSANTGELFF
TRAV12-2*01	CAVNRDDKIIF	TRBV7-9*01	CASSLDIEAFF
TRAV12-2*01	CAVFSGGYQKVTF	TRBV27*01	CASSLGINTEAFF
TRAV12-2*01	CAVNQSYQKVTF	TRBV4-3*01	CASSRGVLTGELFF
TRAV12-2*01	CAVKNAGNKLTF	TRBV7-2*01	CASSLNDFYEQYF
TRAV12-2*01	CAVNKDFNKFYF	TRBV6-3*01	CASSAGGSNEQFF
TRAV12-2*01	CAVNSDNFNKFYF	TRBV27*01	CASSAGGGGQYF
TRAV12-2*01	CAVTWGGKLIF	TRBV28*01	CASSFQGLGTEAFF
TRAV12-2*01	CAVPGGKSTF	TRBV6-3*01	CASSYGGNQPQHF
TRAV12-2*01	CAAGAGSYQLTF	TRBV6-3*01	CASSQGQGQPQHF
TRAV12-2*01	CAVKGDDKIIF	TRBV4-2*01	CASSQGILSGELFF
TRAV12-2*01	CAVLNARLMF	TRBV6-5*01	CASSSGGARETQYF
TRAV12-2*01	CAVNNARLMF	TRBV27*01	CASSPSGLAGGHTQYF
TRAV12-2*01	CAVNNARLMF	TRBV4-2*01	CASRMGTGTEAFF
TRAV12-2*01	CAVNNARLMF	TRBV4-2*01	CASSPSAQGNEQYF
TRAV12-2*01	CAVNAPSATNKLIF	TRBV6-5*01	CASSYGEGSYEQYF
TRAV12-2*01	CAVSNYQLIW	TRBV11-1*01	CASTSGDNEQFF
TRAV12-2*01	CALGNTDKLIF	TRBV7-8*01	CASSAKGLGNTIYF
TRAV12-2*01	CAVKVADKLIF	TRBV27*01	CASSSGALITVEQYF
TRAV12-2*01	CAVNRGFGNVLHC	TRBV19*01	CASSSGGGGQFF
TRAV12-2*01	CAVSQTGANNLFF	TRBV28*01	CASSPTGLGSPLHF
TRAV12-2*01	CAVGGTGKLIF	TRBV19*01	CASGLSGDEQYF
TRAV12-2*01	CAANAGNMLTF	TRBV11-2*01	CASSLGGGTEAFF
TRAV12-2*01	CAVGAGGYNKLIF	TRBV11-3*01	CASSLGASAGELFF
TRAV12-2*01	CAVKRGSQGNLIF	TRBV28*01	CASSLAWGQPQHF
TRAV12-2*01	CAVGMNNDMRF	TRBV19*01	CASSTGGLAGEQYF
TRAV12-2*01	CAVKGNNDMRF	TRBV6-5*01	CASSYSALAYEQYF
TRAV12-2*01	CAVNAGNDMRF	TRBV6-3*01	CASSYGQGWGYTF
TRAV12-2*01	CAVNNNNDMRF	TRBV27*01	CASSFQGLGTEAFF
TRAV12-2*01	CAVRNDMRF	TRBV28*01	CASSPQGQGNGYTF
TRAV12-2*01	CAAGTASKLTF	TRBV28*01	CASRLQGLGQPQHF
TRAV12-2*01	CAAGGGADGLTF	TRBV4-2*01	CASSQTLVADTQYF
TRAV12-2*01	CAGGGGADGLTF	TRBV19*01	CASSQGLAGAGELFF
TRAV12-2*01	CAGGGGGADGLTF	TRBV28*01	CASTLTGLGQPQHF
TRAV12-2*01	CAPSGGGADGLTF	TRBV28*01	CASSPIGYTEAFF
TRAV12-2*01	CAVGGGADGLTF	TRBV27*01	CASSLGGLGGSEQYF
TRAV12-2*01	CAVGGGADGLTF	TRBV6-5*01	CASSYSATGGEQYF
TRAV12-2*01	CAVNDGNKLVF	TRBV27*01	CASSLSWNQPQHF
TRAV12-2*01	CAVNYGNKLVF	TRBV20-1*01	CSASAGLAEAFF
TRAV12-2*01	CAVSFGNEKLTF	TRBV28*01	CAEGQGFVGQPQHF
TRAV12-2*01	CAVPGSTGNQFYF	TRBV6-3*01	CASSFGFGQPQHF
TRAV12-2*01	CAAGGSNYKLTF	TRBV4-3*01	CASSSGLLGGQPQHF
TRAV12-2*01	CAVEIIQGAQKLVF	TRBV28*01	CASTRQGLGQPQHF
TRAV12-2*01	CAVAQGGSEKLVF	TRBV28*01	CASRGQGLGQPQHF
TRAV12-2*01	CAVDTGFQKLVF	TRBV24-1*01	CATSEGMGQPQHF
TRAV12-2*01	CAVGFQKLVF	TRBV2*01	CASSGIPGNEQFF
TRAV12-2*01	CAVNMGFQKLVF	TRBV27*01	CASSFSSGSPHEQFF
TRAV12-2*01	CAVNTGFQKLVF	TRBV27*01	CASSLSGNEQFF
TRAV12-2*01	CAVNTGFQKLVF	TRBV4-1*01	CASSPATGSNQPQHF
TRAV12-2*01	CAVSTGFQKLVF	TRBV27*01	CASSLGETQYF
TRAV12-2*01	CAVNAGGFKTIF	TRBV4-2*01	CASSQEGNTGELFF
TRAV12-2*01	CAVNTGGFKTIF	TRBV6-3*01	CASSYSTGYEQYF
TRAV12-2*01	CALGGSQGNLIF	TRBV19*01	CASSIRSSYEQYF
TRAV12-2*01	CAVNRGGGSQGNLIF	TRBV19*01	CASSIRSSYEQYF
TRAV12-2*01	CAVPGGGGSQGNLIF	TRBV19*01	CASSMRSTNEQFF
TRAV12-3*01	CAMSGEGGSQGNLIF	TRBV19*01	CASSLRSSYEQYF
TRAV13-1*01	CAFGGSQGNLIF	TRBV19*01	CASSIRSSETQYF
TRAV13-1*01	CALTGGGSQGNLIF	TRBV19*01	CASSIRSGDTQYF
TRAV13-2*01	CAEGGDGGSQGNLIF	TRBV19*01	CASSTRSTYEQYF
TRAV13-2*01	CAENIGGGSQGNLIF	TRBV19*01	CASSPRSAGEQFF
TRAV13-2*01	CAENTGGGSQGNLIF	TRBV19*01	CASSLRSTDTQYF
TRAV13-2*01	CAERIGGGSQGNLIF	TRBV19*01	CASSIRADNEQFF
TRAV17*01	CATDGGGGSQGNLIF	TRBV19*01	CASSPRSTDTQYF
TRAV25*01	CAGPGSNTGKLIF	TRBV19*01	CASSIRSSQPQHF
TRAV25*01	CAGAGGGSQGNLIF	TRBV19*02	CASSKRSSDTQYF
TRAV25*01	CAGAYGGSQGNLIF	TRBV19*01	CASSMRSGSEQFF
TRAV25*01	CAGNYGGSQGNLIF	TRBV19*01	CASSTRSHEPQHF
TRAV25*01	CAGPIDGGSQGNLIF	TRBV19*01	CASSILSNQPQHF
TRAV25*01	CAGSSGGSQGNLIF	TRBV19*01	CASSIRSTNEQFF
TRAV27*01	CAGDDQGGKLIF	TRBV19*01	CASSVRSSYEQYF
TRAV27*01	CAGPGHNAGKSTF	TRBV19*01	CASSIRSSYEQYF
TRAV27*01	CAGASGNTGKLIF	TRBV19*01	CASSIRSSYEQYF
TRAV27*01	CAGGGSGNTGKLIF	TRBV19*01	CASSIRSGWEQYF
TRAV27*01	CAGSHGSSNTGKLIF	TRBV19*01	CASSIRSAYEQYF
TRAV27*01	CAGAGGGSQGNLIF	TRBV19*01	CASSTRSTGELFF
TRAV27*01	CAGALGGGSQGNLIF	TRBV19*01	CASSFRSSQPQHF
TRAV27*01	CAGAQGGGSQGNLIF	TRBV19*01	CASSSRAAYEQYF
TRAV27*01	CAGASDDYGGSQGNLIF	TRBV19*01	CASSIRSSYEQYF
TRAV27*01	CAGAYGGSQGNLIF	TRBV19*01	CASSVRSADTQYF
TRAV27*01	CAGDGGGGSQGNLIF	TRBV19*01	CASSHRSTDTQYF
TRAV27*01	CAGEGGGSQGNLIF	TRBV19*01	CASSIRSSYEQYF
TRAV27*01	CAGSGSQGNLIF	TRBV19*01	CASSIRSAYEQYF
TRAV27*01	CAGSHGGSQGNLIF	TRBV19*01	CASSIRSSTEAFF
TRAV27*01	CAGTTGGSQGNLIF	TRBV19*01	CASSILSQQPQHF
TRAV27*01	CAGTYGGSQGNLIF	TRBV19*01	CASSSLAQGEQYF
TRAV27*01	CAGVEYGGSQGNLIF	TRBV19*01	CASSVRSTYEQYF
TRAV27*01	CAGEKETSGSRLTF	TRBV19*01	CASSIRSSYEQYF
TRAV29/DV5*01	CAASEGGGSQGNLIF	TRBV19*01	CASSIRSSYEQYF
TRAV29/DV5*01	CAASGSQGNLIF	TRBV19*01	CASSIRSSYEQYF
TRAV3*01	CAVSGSQGNLIF	TRBV19*01	CASSIRSSYEQYF
TRAV3*01	CAVSLGGGSQGNLIF	TRBV19*01	CASSGRSTDTQYF
TRAV30*01	CGTADGGSQGNLIF	TRBV19*01	CASSIRSSYEQYF
TRAV30*01	CVTARGGGSQGNLIF	TRBV19*01	CASSGRSTDTQYF
TRAV34*01	CGGGGSQGNLIF	TRBV19*01	CASSIRSAYEQYF
TRAV35*01	CAGQLGGGSQGNLIF	TRBV19*01	CASSMRSSYEQYF
TRAV38-1*01	CAFMIGAGGTSYGKLTF	TRBV19*01	CASSIGNYGYTF
TRAV39*01	CAVDENGGSQGNLIF	TRBV19*01	CASSIRSSYEQYF
TRAV5*01	CAEVLGGGSQGNLIF	TRBV19*01	CASSSRSGYEQYF
TRAV6*01	CALDEGGGSQGNLIF	TRBV19*01	CASSLRSADEQFF
TRAV8-1*01	CAVNGGGGSQGNLIF	TRBV19*01	CASSLRSSYEQYF
TRAV8-3*01	CAVGGGGGSQGNLIF	TRBV19*01	CASSSRSGTEQFF
TRAV8-6*01	CAVTGGGSQGNLIF	TRBV19*01	CASSIRSSYEQYF
TRAV12-3*01	CALLSSNTGKLIF	TRBV9*01	CASSVEGIDEKLFF
TRAV19*01	CALSEPYSGAGSYQLTF	TRBV15*01	CATSSGDLSSGANVLTF
TRAV26-1*01	CIPEGRKLTF	TRBV28*01	CASSYRGSGNTIYF
TRAV38-2/DV8*01	CAYRDDYKLSF	TRBV19*01	CASSIGQYEQYF
TRAV38-2/DV8*01	CAYKPDTPLVF	TRBV25-1*01	CASTGGLGYTF
TRAV38-2/DV8*01	CAYGDDKIIF	TRBV25-1*01	CASKMGAEAFF
TRAV38-2/DV8*01	CAYGDDKIIF	TRBV25-1*01	CASGQGQETQYF
TRAV38-2/DV8*01	CAYRDDKIIF	TRBV19*01	CASSIALSDNYGYTF
TRAV38-2/DV8*01	CAYVQDDKIIF	TRBV19*01	CASSQGSYEQYF
TRAV38-2/DV8*01	CATHTGKLIF	TRBV19*01	CASSWSASYEQYF
TRAV38-2/DV8*01	CARDAGNMLTF	TRBV7-9*01	CASSLEGSYEQYF
TRAV38-2/DV8*01	CAYNAGNMLTF	TRBV13*01	CASSYQSGNTEAFF
TRAV38-2/DV8*01	CAYYGGSQGNLIF	TRBV13*01	CASTNRQEGQETQYF
TRAV38-2/DV8*01	CAYDDMRF	TRBV11-2*01	CASSSRHEGEDTEAFF
TRAV38-2/DV8*01	CAYKDNDMRF	TRBV25-1*01	CASSAETQYF
TRAV38-2/DV8*01	CAYLVYDMRF	TRBV27*01	CASSLAQGQPQHF
TRAV38-2/DV8*01	CAYNDMRF	TRBV25-1*01	CASSQETQYF
TRAV38-2/DV8*01	CAYREVNDMRF	TRBV25-1*01	CASSDSYGYTF
TRAV38-2/DV8*01	CAYKDTASKLTF	TRBV12-3*01	CASSLGGDIQYF
TRAV38-2/DV8*01	CATYSGGGADGLTF	TRBV6-6*01	CASSYTGELFF
TRAV38-2/DV8*01	CAYFGGGADGLTF	TRBV2*01	CASREDGASGSPDTQYF
TRAV38-2/DV8*01	CAYLGGADGLTF	TRBV19*01	CASSMGANEQFF
TRAV38-2/DV8*01	CAYPGGGADGLTF	TRBV25-1*01	CASNRGDGYTF
TRAV38-2/DV8*01	CAHNTGNQFYF	TRBV6-6*01	CASSYGSYEQYF
TRAV38-2/DV8*01	CAYNDGNQFYF	TRBV18*01	CASSSPHRDSYSPLHF
TRAV38-2/DV8*01	CAYYGGNQFYF	TRBV25-1*01	CQAGDTEAFF
TRAV38-2/DV8*01	CASYAGGTSYGKLTF	TRBV4-1*01	CASSPAPSASSYEQYF
TRAV38-2/DV8*01	CAYREGAQKLVF	TRBV30*01	CAWSINSAEAFF
TRAV5*01	CAEIGTDKLIF	TRBV20-1*01	CSANSRTGLGYTF
TRAV5*01	CAEGGGSYIPTF	TRBV25-1*01	CASSEGDTEAFF
TRAV8-3*01	CAVGSNSGYALNF	TRBV9*01	CASSSSWADTQYF
TRAV8-4*01	CAVSDLEPNSSASKIIF	TRBV25-1*01	CASSFGADTQYF
TRAV12-1*01	CVVNGGDSSYKLIF	TRBV2*01	CASSPQGVSPGTIYF
TRAV12-1*01	CVVNGKDSSYKLIF	TRBV2*01	CASSGGQLAPGELFF
TRAV12-1*01	CVVNGMDSSYKLIF	TRBV2*01	CASSEGRVLPGELFF
TRAV12-1*01	CVVNGMDSSYKLIF	TRBV2*01	CASTPGTVLPDTQYF
TRAV12-1*01	CVVNGRDSSYKLIF	TRBV2*01	CASSAPDKAPNEQYF
TRAV12-1*01	CVVNRDSSYKLIF	TRBV2*01	CASSGVQLLPGELFF
TRAV12-1*01	CVVNIPNDYKLSF	TRBV4-2*01	CASSQDGAGGLGEQYF
TRAV12-1*02	CVVNGRDSSYKLIF	TRBV2*03	CASSRGDLIPGEQYF
TRAV12-1*02	CVVNLVDDYKLSF	TRBV9*02	CASSVGLVSAGELFF
TRAV16*01	CALRCFGNEKLTF	TRBV29-1*01	CSVPITVQETQYF
TRAV27*01	CAGNNARLVF	TRBV14*01	CASSQSPGGTQYF
TRAV30*01	CGTEEENDYKLSF	TRBV9*01	CASSSGQLSNTGELFF
TRAV4*01	CAEDNNARLMF	TRBV20-1*01	CSARVRPTGNTIYF
TRAV5*01	CAEDKDSTLTF	TRBV20-1*01	CSARDSTGNGYTF
TRAV5*01	CAEGHDSTLTF	TRBV20-1*01	CSARVGVGNTIYF
TRAV5*01	CAENRYSTLTF	TRBV9*01	CASSVAGGDEQFF
TRAV5*01	CAESGAGGYSTLTF	TRBV14*01	CASSQSPGGIQYF
TRAV5*01	CAEKGGTALIF	TRBV20-1*01	CSARGQGDEQYF
TRAV5*01	CAEKGGTALIF	TRBV29-1*01	CSVRGEGDEQYF
TRAV5*01	CAESISGGKLIF	TRBV29-1*01	CSVGSAGTNEKLFF
TRAV5*01	CAETIEGGKLIF	TRBV29-1*01	CSVGGSFYGYTF
TRAV5*01	CAEDSASKIIF	TRBV20-1*01	CSARDETGNGYTF
TRAV5*01	CAEYSSASKIIF	TRBV14*01	CASSQSPGGTQYF
TRAV5*01	CADDNNARLMF	TRBV20-1*01	CSARTAPVGNEQFF
TRAV5*01	CAEDNNARLMF	TRBV2*01	CASSPGSTAPGELFF
TRAV5*01	CAEDNNARLMF	TRBV20-1*01	CSARDDGVNTEAFF
TRAV5*01	CAEDNNARLMF	TRBV20-1*01	CSARDGNREWLHF
TRAV5*01	CAEDNNARLMF	TRBV20-1*01	CSARDGTGNGYTF
TRAV5*01	CAEDNNARLMF	TRBV20-1*01	CSARIYGGGEVGNTIYF
TRAV5*01	CAEDNNARLMF	TRBV20-1*01	CSARLRELSGNTIYF
TRAV5*01	CAEDNNARLMF	TRBV20-1*01	CSARSETGNTIYF
TRAV5*01	CAEDNNARLMF	TRBV29-1*01	CSVGSGGTNEKLFF
TRAV5*01	CAEDSNARLMF	TRBV20-1*01	CSARDRVGNTIYF
TRAV5*01	CAEDSNARLMF	TRBV20-1*01	CSARDPYRASNQPQHF
TRAV5*01	CAEGENARLMF	TRBV29-1*01	CSVGGSFYGYTF
TRAV5*01	CAEGQTDKLIF	TRBV9*01	CASSVGNEQFF
TRAV5*01	CAETVDKLIF	TRBV9*01	CASSVVGNEQFF
TRAV5*01	CAESGANNLFF	TRBV14*01	CASSQSPGGTQYF
TRAV5*01	CAESTGKLIF	TRBV29-1*01	CSGTGGTNEKLFF
TRAV5*01	CAESTGKLIF	TRBV29-1*01	CSVGTGGTNEKLFF
TRAV5*01	CAESTPGGKLIF	TRBV29-1*01	CSVGADGTNEKLFF
TRAV5*01	CAESIPGKLIF	TRBV14*01	CASSQSPGGTVFF
TRAV5*01	CAEIRAGNMLTF	TRBV29-1*01	CSVSTGIYEQYF
TRAV5*01	CAELKEKLIF	TRBV14*01	CASSQSPGGTQYF
TRAV5*01	CAVPAEGGYNKLIF	TRBV20-1*01	CSARDSTGNGYTF
TRAV5*01	CAERTGYALNF	TRBV29-1*01	CSVRSEGDTIYF
TRAV5*01	CAESQGNLIF	TRBV14*01	CASSQRPGGQQFF
TRAV5*01	CAELGNDMRF	TRBV14*01	CASSQCPGGEQYF
TRAV5*01	CAEDLQKLVF	TRBV20-1*01	CSARALPVGNTIYF
TRAV9-2*01	CALYNTDKLIF	TRBV3-1*01	CASSPVTGSSYEQYF
TRAV1-1*01	CAVYYGQNFVF	TRBV11-1*01	CASSFQGYTEAFF
TRAV1-1*01	CAVRDQEGNTPLVF	TRBV10-3*01	CAISAGTGVRNEQYF
TRAV1-1*01	CAVRDQEGNTPLVF	TRBV12-3*01	CASSSVNEQYF
TRAV1-1*01	CAVRDNFITGGFKTIF	TRBV2*01	CASSYFDEKLFF
TRAV1-2*01	CAASDSNYQLIW	TRBV6-1*01	CASSEESGRAAEQYF
TRAV1-2*01	CAVRDSNYQLIW	TRBV6-1*01	CASSDAENTEAFF
TRAV1-2*01	CAVRDSNYQLIW	TRBV6-2*01	CASSDRETYEQYF
TRAV1-2*01	CAVRDSNYQLIW	TRBV6-5*01	CASSKGEVTEAFF
TRAV12-3*01	CAKNTGNQFYF	TRBV6-5*01	CASSPQTGTIYGYTGF
TRAV12-3*01	CARNTGNQFYF	TRBV6-5*01	CASSFQTGASYGYTF
TRAV12-3*01	CARNTGNQFYF	TRBV6-5*01	CASSYQTGAGGYGYTGF
TRAV12-3*01	CATYLTGNQFYF	TRBV12-4*01	CASSQALPYEQYF
TRAV13-2*01	CAEIHNNARLMF	TRBV11-1*01	CASSSANYGYTF
TRAV14/DV4*01	CAMRGSNYKLTF	TRBV9*01	CASSGVGGQDEQYF
TRAV18*01	CASNTGNQFYF	TRBV6-5*01	CASSPVTGTGHYGYTF
TRAV19*01	CALSGQGGSEKLVF	TRBV25-1*01	CASSQTGFGNQPQHF
TRAV22*01	CAVTPPPSYDKVIF	TRBV12-4*01	CASSSVSGYTF
TRAV23/DV6*03	CAFPYNNNDMRF	TRBV27*01	CASQLEGHTEAFF
TRAV24*01	CASGNNARLMF	TRBV6-1*01	CASSEDHTGFYEQYF
TRAV24*01	CAFPYNNNDMRF	TRBV27*01	CASSLEGYTEAFF
TRAV24*01	CAFITGNQFYF	TRBV7-2*01	CASSQTQLWETQYF
TRAV24*01	CARNTGNQFYF	TRBV6-5*01	CASSAQTGASYGYTF
TRAV24*01	CARNTGNQFYF	TRBV6-5*01	CASSLYTGTGNGYTF
TRAV24*01	CARNTGNQFYF	TRBV6-5*01	CASSPSTGVTFYGYTF
TRAV24*01	CARNTGNQFYF	TRBV6-5*01	CASSPVTGGIYGYTF
TRAV24*01	CARNTGNQFYF	TRBV6-5*01	CASSYQTGTGVYGYTF
TRAV24*01	CASPTGNQFYF	TRBV27*01	CASSFTLGTGGVEQYF
TRAV26-2*01	CIIDNNNDMRF	TRBV7-6*01	CASSLAPGATNEKLFF
TRAV26-2*01	CILSNNNDMRF	TRBV30*01	CAWSISDLAKNIQYF
TRAV26-2*01	CILSNNNDMRF	TRBV6-5*01	CASSPSTGVTFYGYTF
TRAV26-2*01	CILPLAGGTSYGKLTF	TRBV10-3*01	CAISESYEQYF
TRAV26-2*01	CILPLWLTF	TRBV11-2*01	CASSLEGYTEAFF
TRAV3*01	CVMGWGKLQF	TRBV27*01	CASSLDRSTGELFF
TRAV3*01	CADYYGQNFVF	TRBV28*01	CASSFQGYTEAFF
TRAV3*01	CAVRDISARLMF	TRBV12-3*01	CASSVVERAFF
TRAV3*01	CAVRDISARLMF	TRBV12-4*01	CASSSVTEAFF
TRAV3*01	CAVRDTNARLMF	TRBV12-4*01	CASSVVNEQFF
TRAV3*01	CAVRGTNARLMF	TRBV12-3*01	CASSVVTEAFF
TRAV3*01	CAVRQGYQLIW	TRBV6-5*01	CASGPGTSATDTQYF
TRAV3*01	CAVNYGNKLVF	TRBV27*01	CASSPFSGAPYEQYF
TRAV35*01	CAGPIPPGNEKLTF	TRBV12-3*01	CASSSANYGYTF
TRAV35*01	CAGPMKTSYDKVIF	TRBV12-4*01	CASSSANYGYTF
TRAV35*01	CAGPRQTSYDKVIF	TRBV11-1*01	CASSSANYGYTF
TRAV38-2/DV8*01	CAYPYNNNDMRF	TRBV11-2*01	CASSLEGYTEAFF
TRAV5*01	CAVSGSYNTDKLIF	TRBV20-1*01	CSARDGLAGHYEQYF
TRAV5*01	CAEIQASGGSYIPTF	TRBV15*01	CATGRGGMIGEQYF
TRAV8-3*01	CAVGGTQARLMF	TRBV12-4*01	CASSPGTYEAFF
TRAV8-3*01	CAGGGSSNTGKLIF	TRBV11-2*01	CASSLLLAGYNEQFF
TRAV8-3*01	CAVAFGNQLYF	TRBV27*01	CASSMTSGALYNEQFF
TRAV8-4*01	CAVSGSYNTDKLIF	TRBV20-1*01	CSARDGLTGHYEQYF
