pdbid	ab	v_gene	j_gene	cdr3	core_positions_0x	chainseq	geneseq	organism	ternary	pdbfile
6vm8	A	TRAV8-1*01	TRAJ29*01	CAVNARRNTPLVF	19,21,23,31,33,45,46,47,63,74,87,88,89	QSVSQHNHHVILSEAASLELGCNYSYGGTVNLFWYVQYPGQHLQLLLKYFSGDPLVKGIKGFEAEFIKSKFSFNLRKPSVQWSDTAEYFCAVNARRNTPLVFGKGTRLSVIAN	AQSVSQHNHHVILSEAASLELGCNYSYGGTVNLFWYVQYPGQHLQLLLKYFSGDPLVKGIKGFEAEFIKSKFSFNLRKPSVQWSDTAEYFC	human	True	pdb/new_tcr_2023-06-02/6vm8_tcr_only.pdb
6vm8	B	TRBV19*01	TRBJ2-1*01	CASSITLSSYNEQFF	18,20,22,29,31,43,44,45,63,73,86,87,88	GITQSPKYLFRKEGQNVTLSCEQNLNHDAMYWYRQDPGQGLRLIYYSQIVNDFQKGDIAEGYSVSREKKESFPLTVTSAQKNPTAFYLCASSITLSSYNEQFFGPGTRLTVLED	DGGITQSPKYLFRKEGQNVTLSCEQNLNHDAMYWYRQDPGQGLRLIYYSQIVNDFQKGDIAEGYSVSREKKESFPLTVTSAQKNPTAFYLC	human	True	pdb/new_tcr_2023-06-02/6vm8_tcr_only.pdb
6vm7	A	TRAV8-1*01	TRAJ29*01	CAVNARRNTPLVF	19,21,23,31,33,45,46,47,63,74,87,88,89	QSVSQHNHHVILSEAASLELGCNYSYGGTVNLFWYVQYPGQHLQLLLKYFSGDPLVKGIKGFEAEFIKSKFSFNLRKPSVQWSDTAEYFCAVNARRNTPLVFGKGTRLSVIAN	AQSVSQHNHHVILSEAASLELGCNYSYGGTVNLFWYVQYPGQHLQLLLKYFSGDPLVKGIKGFEAEFIKSKFSFNLRKPSVQWSDTAEYFC	human	True	pdb/new_tcr_2023-06-02/6vm7_tcr_only.pdb
6vm7	B	TRBV19*01	TRBJ2-1*01	CASSITLSSYNEQFF	18,20,22,29,31,43,44,45,63,73,86,87,88	GITQSPKYLFRKEGQNVTLSCEQNLNHDAMYWYRQDPGQGLRLIYYSQIVNDFQKGDIAEGYSVSREKKESFPLTVTSAQKNPTAFYLCASSITLSSYNEQFFGPGTRLTVLED	DGGITQSPKYLFRKEGQNVTLSCEQNLNHDAMYWYRQDPGQGLRLIYYSQIVNDFQKGDIAEGYSVSREKKESFPLTVTSAQKNPTAFYLC	human	True	pdb/new_tcr_2023-06-02/6vm7_tcr_only.pdb
6vma	A	TRAV12-2*02	TRAJ49*01	CAVNALLGNQFYF	20,22,24,32,34,46,47,48,62,73,86,87,88	QKEVEQNSGPLSVPEGAIASLNCTYSDRGSQSFFWYRQYSGKSPELIMSIYSNGDKEDGRFTAQLNKASQYVSLLIRDSQPSDSATYLCAVNALLGNQFYFGTGTSLTVIPN	QKEVEQNSGPLSVPEGAIASLNCTYSDRGSQSFFWYRQYSGKSPELIMSIYSNGDKEDGRFTAQLNKASQYVSLLIRDSQPSDSATYLC	human	True	pdb/new_tcr_2023-06-02/6vma_tcr_only.pdb
6vma	B	TRBV19*01	TRBJ2-7*01	CASSMGGTYEQYF	18,20,22,29,31,43,44,45,63,73,86,87,88	GITQSPKYLFRKEGQNVTLSCEQNLNHDAMYWYRQDPGQGLRLIYYSQIVNDFQKGDIAEGYSVSREKKESFPLTVTSAQKNPTAFYLCASSMGGTYEQYFGPGTRLTVTED	DGGITQSPKYLFRKEGQNVTLSCEQNLNHDAMYWYRQDPGQGLRLIYYSQIVNDFQKGDIAEGYSVSREKKESFPLTVTSAQKNPTAFYLC	human	True	pdb/new_tcr_2023-06-02/6vma_tcr_only.pdb
6vm9	A	TRAV12-2*02	TRAJ49*01	CAVNALLGNQFYF	20,22,24,32,34,46,47,48,62,73,86,87,88	QKEVEQNSGPLSVPEGAIASLNCTYSDRGSQSFFWYRQYSGKSPELIMSIYSNGDKEDGRFTAQLNKASQYVSLLIRDSQPSDSATYLCAVNALLGNQFYFGTGTSLTVIPN	QKEVEQNSGPLSVPEGAIASLNCTYSDRGSQSFFWYRQYSGKSPELIMSIYSNGDKEDGRFTAQLNKASQYVSLLIRDSQPSDSATYLC	human	True	pdb/new_tcr_2023-06-02/6vm9_tcr_only.pdb
6vm9	B	TRBV19*01	TRBJ2-7*01	CASSMGGTYEQYF	18,20,22,29,31,43,44,45,63,73,86,87,88	GITQSPKYLFRKEGQNVTLSCEQNLNHDAMYWYRQDPGQGLRLIYYSQIVNDFQKGDIAEGYSVSREKKESFPLTVTSAQKNPTAFYLCASSMGGTYEQYFGPGTRLTVTED	DGGITQSPKYLFRKEGQNVTLSCEQNLNHDAMYWYRQDPGQGLRLIYYSQIVNDFQKGDIAEGYSVSREKKESFPLTVTSAQKNPTAFYLC	human	True	pdb/new_tcr_2023-06-02/6vm9_tcr_only.pdb
6vmc	A	TRAV12-2*02	TRAJ49*01	CAVNALLGNQFYF	20,22,24,32,34,46,47,48,62,73,86,87,88	QKEVEQNSGPLSVPEGAIASLNCTYSDRGSQSFFWYRQYSGKSPELIMSIYSNGDKEDGRFTAQLNKASQYVSLLIRDSQPSDSATYLCAVNALLGNQFYFGTGTSLTVIPN	QKEVEQNSGPLSVPEGAIASLNCTYSDRGSQSFFWYRQYSGKSPELIMSIYSNGDKEDGRFTAQLNKASQYVSLLIRDSQPSDSATYLC	human	True	pdb/new_tcr_2023-06-02/6vmc_tcr_only.pdb
6vmc	B	TRBV19*01	TRBJ2-7*01	CASSMGGTYEQYF	18,20,22,29,31,43,44,45,63,73,86,87,88	GITQSPKYLFRKEGQNVTLSCEQNLNHDAMYWYRQDPGQGLRLIYYSQIVNDFQKGDIAEGYSVSREKKESFPLTVTSAQKNPTAFYLCASSMGGTYEQYFGPGTRLTVTED	DGGITQSPKYLFRKEGQNVTLSCEQNLNHDAMYWYRQDPGQGLRLIYYSQIVNDFQKGDIAEGYSVSREKKESFPLTVTSAQKNPTAFYLC	human	True	pdb/new_tcr_2023-06-02/6vmc_tcr_only.pdb
7pbe	A	TRAV12-1*01	TRAJ34*01	CVVNINTDKLIF	18,20,22,30,32,44,45,46,59,70,83,84,85	EVEQDPGPFNVPEGATVAFNCTYSNSASQSFFWYRQDCRLEPKLIMSVYSSGNEDGRFTAQLNRASQYISLLIRDSKLSDSATYLCVVNINTDKLIFGTGTRLQVFPN	RKEVEQDPGPFNVPEGATVAFNCTYSNSASQSFFWYRQDCRKEPKLLMSVYSSGNEDGRFTAQLNRASQYISLLIRDSKLSDSATYLC	human	True	pdb/new_tcr_2023-06-02/7pbe_tcr_only.pdb
7pbe	B	TRBV7-9*03	TRBJ2-2*01	CASSSANSGELFF	19,21,23,30,32,44,45,46,65,75,88,89,90	TGVSQDPRHKITKRGQNVTFRCDPISEHNRLYWYRQTLGQGPEFLTYFQNEAQLEKSRLLSDRFSAERPKGSFSTLEIQRTEQGDSAMYLCASSSANSGELFFGEGSRLTVLED	DTGVSQDPRHKITKRGQNVTFRCDPISEHNRLYWYRQTLGQGPEFLTYFQNEAQLEKSRLLSDRFSAERPKGSFSTLEIQRTEQGDSAMYLC	human	True	pdb/new_tcr_2023-06-02/7pbe_tcr_only.pdb
7phr	A	TRAV17*01	TRAJ29*01	CATDGSTPMQF	13,15,17,24,26,38,39,40,55,66,79,80,81	PQALSIQEGENATMNCSYKTSINNLQWYRQNSGRGLVHLILIRSNEREKHSGRLRVTLDTSKKSSSLLITASRAADTASYFCATDGSTPMQFGKGTRLSVIPN	SQQGEEDPQALSIQEGENATMNCSYKTSINNLQWYRQNSGRGLVHLILIRSNEREKHSGRLRVTLDTSKKSSSLLITASRAADTASYFC	human	True	pdb/new_tcr_2023-06-02/7phr_tcr_only.pdb
7phr	B	TRBV19*01	TRBJ2-7*01	CASSWGAPYEQYF	20,22,24,31,33,45,46,47,65,75,88,89,90	DGGITQSPKYLFRKEGQNVTLSCEQNLNHDAMYWYRQDPGQGLRLIYYSWAQGDFQKGDIAEGYSVSREKKESFPLTVTSAQKNPTAFYLCASSWGAPYEQYFGPGTRLTVTED	DGGITQSPKYLFRKEGQNVTLSCEQNLNHDAMYWYRQDPGQGLRLIYYSQIVNDFQKGDIAEGYSVSREKKESFPLTVTSAQKNPTAFYLC	human	True	pdb/new_tcr_2023-06-02/7phr_tcr_only.pdb
7q99	A	TRAV12-2*01	TRAJ27*01	CAVNVAGKSTF	18,20,22,30,32,44,45,46,60,71,84,85,86	EVEQNSGPLSVPEGAIASLNCTYSDRGSQSFFWYRQYSGKSPELIMFIYSNGDKEDGRFTAQLNKASQYVSLLIRDSQPSDSATYLCAVNVAGKSTFGDGTTLTVKPN	QKEVEQNSGPLSVPEGAIASLNCTYSDRGSQSFFWYRQYSGKSPELIMFIYSNGDKEDGRFTAQLNKASQYVSLLIRDSQPSDSATYLC	human	True	pdb/new_tcr_2023-06-02/7q99_tcr_only.pdb
7q99	B	TRBV30*01	TRBJ2-2*01	CAWSETGLGTGELFF	20,22,24,32,34,46,47,48,65,75,88,89,90	SQTIHQWPATLVQPVGSPLSLECTVEGTSNPNLYWYRQAAGRGLQLLFYSVGIGQISSEVPQNLSASRPQDRQFILSSKKLLLSDSGFYLCAWSETGLGTGELFFGEGSRLTVLED	SQTIHQWPATLVQPVGSPLSLECTVEGTSNPNLYWYRQAAGRGLQLLFYSVGIGQISSEVPQNLSASRPQDRQFILSSKKLLLSDSGFYLC	human	True	pdb/new_tcr_2023-06-02/7q99_tcr_only.pdb
7q9a	A	TRAV12-2*01	TRAJ27*01	CAVNVAGKSTF	19,21,23,31,33,45,46,47,61,72,85,86,87	QEVEQNSGPLSVPEGAIASLNCTYSDRGSQSFFWYRQYSGKSPELIMFIYSNGDKEDGRFTAQLNKASQYVSLLIRDSQPSDSATYLCAVNVAGKSTFGDGTTLTVKPN	QKEVEQNSGPLSVPEGAIASLNCTYSDRGSQSFFWYRQYSGKSPELIMFIYSNGDKEDGRFTAQLNKASQYVSLLIRDSQPSDSATYLC	human	True	pdb/new_tcr_2023-06-02/7q9a_tcr_only.pdb
7q9a	B	TRBV30*01	TRBJ2-2*01	CAWSETGLGTGELFF	20,22,24,32,34,46,47,48,65,75,88,89,90	SQTIHQWPATLVQPVGSPLSLECTVEGTSNPNLYWYRQAAGRGLQLLFYSVGIGQISSEVPQNLSASRPQDRQFILSSKKLLLSDSGFYLCAWSETGLGTGELFFGEGSRLTVLED	SQTIHQWPATLVQPVGSPLSLECTVEGTSNPNLYWYRQAAGRGLQLLFYSVGIGQISSEVPQNLSASRPQDRQFILSSKKLLLSDSGFYLC	human	True	pdb/new_tcr_2023-06-02/7q9a_tcr_only.pdb
7qpj	A	TRAV12-2*02	TRAJ5*01	CAVRGTGRRALTF	19,21,23,31,33,45,46,47,61,72,85,86,87	KEVEQNSGPLSVPEGAIASLNCTYSDRGSSSFFWYRQYSGKSPELIMSIYANGDKEDGRFTAQLNKASQYVSLLIRDSQPSDSATYLCAVRGTGRRALTFGSGTRLQVQPN	QKEVEQNSGPLSVPEGAIASLNCTYSDRGSQSFFWYRQYSGKSPELIMSIYSNGDKEDGRFTAQLNKASQYVSLLIRDSQPSDSATYLC	human	True	pdb/new_tcr_2023-06-02/7qpj_tcr_only.pdb
7qpj	B	TRBV6-6*02	TRBJ1-1*01	CASSFATEAFF	19,21,23,30,32,44,45,46,64,74,87,88,89	AGVTQTPKFRILKIGQSMTLQCAQDMNHNYMYWYRQDPGMGLKLIYYSVGAGITDKGEVPNGYNVSRSTTEDFPLRLELAAPSQTSVYFCASSFATEAFFGQGTRLTVVED	NAGVTQTPKFRILKIGQSMTLQCAQDMNHNYMYWYRQDPGMGLKLIYYSVGAGITDKGEVPNGYNVSRSTTEDFPLRLELAAPSQTSVYFC	human	True	pdb/new_tcr_2023-06-02/7qpj_tcr_only.pdb
7rk7	A	TRAV4*01	TRAJ42*01	CLVALNYGGSQGNLIF	19,21,23,32,34,46,47,48,61,72,85,86,87	LAKTTQPISMDSYEGQEVNITCSHNNIATNDYITWYQQFPSQGPRFIIQGYKTKVTNEVASLFIPADRKSSTLSLPRVSLSDTAVYYCLVALNYGGSQGNLIFGKGTKLSVKPN	LAKTTQPISMDSYEGQEVNITCSHNNIATNDYITWYQQFPSQGPRFIIQGYKTKVTNEVASLFIPADRKSSTLSLPRVSLSDTAVYYC	human	True	pdb/new_tcr_2023-06-02/7rk7_tcr_only.pdb
7rk7	B	TRBV10-3*01	TRBJ1-3*01	CAISPTEEGGLIFPGNTIYF	18,20,22,29,31,43,44,45,63,73,86,87,88	GITQSPRHKVTETGTPVTLRCHQTENHRYMYWYRQDPGHGLRLIHYSYGVKDTDKGEVSDGYSVSRSKTEDFLLTLESATSSQTSVYFCAISPTEEGGLIFPGNTIYFGEGSWLTVVED	DAGITQSPRHKVTETGTPVTLRCHQTENHRYMYWYRQDPGHGLRLIHYSYGVKDTDKGEVSDGYSVSRSKTEDFLLTLESATSSQTSVYFC	human	True	pdb/new_tcr_2023-06-02/7rk7_tcr_only.pdb
7rm4	A	TRAV6*01	TRAJ43*01	CALDIYPHDMRF	18,20,22,30,32,44,45,46,61,72,85,86,87	KIEQNSEALNIQEGKTATLTCNYTNYSPAYLQWYRQDPGRGPVFLLLIRENEKEKRKERLKVTFDTTLKQSLFHITASQPADSATYLCALDIYPHDMRFGAGTRLTVKPN	SQKIEQNSEALNIQEGKTATLTCNYTNYSPAYLQWYRQDPGRGPVFLLLIRENEKEKRKERLKVTFDTTLKQSLFHITASQPADSATYLC	human	True	pdb/new_tcr_2023-06-02/7rm4_tcr_only.pdb
7rm4	B	TRBV11-2*01	TRBJ2-2*01	CASSLDPGDTGELFF	19,21,23,30,32,44,45,46,65,75,88,89,90	AGVAQSPRYKIIEKRQSVAFWCNPISGHATLYWYQQILGQGPKLLIQFQNNGVVDDSQLPKDRFSAERLKGVDSTLKIQPAKLEDSAVYLCASSLDPGDTGELFFGEGSRLTVLED	EAGVAQSPRYKIIEKRQSVAFWCNPISGHATLYWYQQILGQGPKLLIQFQNNGVVDDSQLPKDRFSAERLKGVDSTLKIQPAKLEDSAVYLC	human	True	pdb/new_tcr_2023-06-02/7rm4_tcr_only.pdb
7rtr	A	TRAV12-2*01	TRAJ30*01	CAVNRDDKIIF	18,20,22,30,32,44,45,46,60,71,84,85,86	EVEQNSGPLSVPEGAIASLNCTYSDRGSQSFFWYRQYSGKSPELIMFIYSNGDKEDGRFTAQLNKASQYVSLLIRDSQPSDSATYLCAVNRDDKIIFGKGTRLHILPN	QKEVEQNSGPLSVPEGAIASLNCTYSDRGSQSFFWYRQYSGKSPELIMFIYSNGDKEDGRFTAQLNKASQYVSLLIRDSQPSDSATYLC	human	True	pdb/new_tcr_2023-06-02/7rtr_tcr_only.pdb
7rtr	B	TRBV7-9*01	TRBJ2-7*01	CASSPDIEQYF	18,20,22,29,31,43,44,45,64,74,87,88,89	GVSQNPRHKITKRGQNVTFRCDPISEHNRLYWYRQTLGQGPEFLTYFQNEAQLEKSRLLSDRFSAERPKGSFSTLEIQRTEQGDSAMYLCASSPDIEQYFGPGTRLTVTED	DTGVSQNPRHKITKRGQNVTFRCDPISEHNRLYWYRQTLGQGPEFLTYFQNEAQLEKSRLLSDRFSAERPKGSFSTLEIQRTEQGDSAMYLC	human	True	pdb/new_tcr_2023-06-02/7rtr_tcr_only.pdb
8es8	A	TRAV14/DV4*01	TRAJ6*01	CAMRGGGSGGSYIPTF	19,21,23,32,34,46,47,48,64,75,88,89,90	QKITQTQPGMFVQEKEAVTLDCTYDTSDPSYGLFWYKQPSSGEMIFLIYQGSYDQQNATEGRYSLNFQKARKSANLVISASQLGDSAMYFCAMRGGGSGGSYIPTFGRGTSLIVHPN	AQKITQTQPGMFVQEKEAVTLDCTYDTSDPSYGLFWYKQPSSGEMIFLIYQGSYDQQNATEGRYSLNFQKARKSANLVISASQLGDSAMYFC	human	True	pdb/new_tcr_2023-06-02/8es8_tcr_only.pdb
8es8	B	TRBV28*01	TRBJ1-6*01	CASSFTGPYNSPLHF	18,20,22,29,31,43,44,45,63,73,86,87,88	KVTQSSRYLVKRTGEKVFLECVQDMDHENMFWYRQDPGLGLRLIYFSYDVKMKEKGDIPEGYSVSREKKERFSLILESASTNQTSMYLCASSFTGPYNSPLHFGNGTRLTVTED	DVKVTQSSRYLVKRTGEKVFLECVQDMDHENMFWYRQDPGLGLRLIYFSYDVKMKEKGDIPEGYSVSREKKERFSLILESASTNQTSMYLC	human	True	pdb/new_tcr_2023-06-02/8es8_tcr_only.pdb
8es9	A	TRAV20*01	TRAJ38*01	CAVQPLNAGNNRKLIW	19,21,23,31,33,45,46,47,62,71,84,85,86	DQVTQSPEALRLQEGESSSLNCSYTVSGLRGLFWYRQDPGKGPEFLFTLYSAGEEKEKERLKATLTKKESFLHITAPKPEDSATYLCAVQPLNAGNNRKLIWGLGTSLAVNPN	EDQVTQSPEALRLQEGESSSLNCSYTVSGLRGLFWYRQDPGKGPEFLFTLYSAGEEKEKERLKATLTKKESFLHITAPKPEDSATYLC	human	True	pdb/new_tcr_2023-06-02/8es9_tcr_only.pdb
8es9	B	TRBV20-1*01	TRBJ1-1*01	CSAREWGGTEAFF	18,20,22,30,32,44,45,46,66,76,89,90,91	VVSQHPSWVICKSGTSVKIECRSLDFQATTMFWYRQFPKQSLMLMATSNEGSKATYEQGVEKDKFLINHASLTLSTLTVTSAHPEDSSFYICSAREWGGTEAFFGQGTRLTVVED	GAVVSQHPSWVICKSGTSVKIECRSLDFQATTMFWYRQFPKQSLMLMATSNEGSKATYEQGVEKDKFLINHASLTLSTLTVTSAHPEDSSFYIC	human	True	pdb/new_tcr_2023-06-02/8es9_tcr_only.pdb
8gom	A	TRAV38-2/DV8*01	TRAJ29*01	CASSGNTPLVF	20,22,24,33,35,47,48,49,65,76,89,90,91	AQTVTQSQPEMSVQEAETVTLSCTYDTSESDYYLFWYKQPPSRQMILVIRQEAYKQQNATENRFSVNFQKAAKSFSLKISDSQLGDAAMYFCASSGNTPLVFGKGTRLSVIPN	AQTVTQSQPEMSVQEAETVTLSCTYDTSESDYYLFWYKQPPSRQMILVIRQEAYKQQNATENRFSVNFQKAAKSFSLKISDSQLGDAAMYFC	human	True	pdb/new_tcr_2023-06-02/8gom_tcr_only.pdb
8gom	B	TRBV12-3*01	TRBJ2-3*01	CASTWGRASTDTQYF	19,21,23,30,32,44,45,46,65,75,88,89,90	AGVIQSPRHEVTEMGQEVTLRCKPISGHNSLFWYRQTMMRGLELLIYFNNNVPIDDSGMPEDRFSAKMPNASFSTLKIQPSEPRDSAVYFCASTWGRASTDTQYFGPGTRLTVLED	DAGVIQSPRHEVTEMGQEVTLRCKPISGHNSLFWYRQTMMRGLELLIYFNNNVPIDDSGMPEDRFSAKMPNASFSTLKIQPSEPRDSAVYFC	human	True	pdb/new_tcr_2023-06-02/8gom_tcr_only.pdb
8gon	A	TRAV38-2/DV8*01	TRAJ29*01	CASSGNTPLVF	20,22,24,33,35,47,48,49,65,76,89,90,91	AQTVTQSQPEMSVQEAETVTLSCTYDTSESDYYLFWYKQPPSRQMILVIRQEAYKQQNATENRFSVNFQKAAKSFSLKISDSQLGDAAMYFCASSGNTPLVFGKGTRLSVIPN	AQTVTQSQPEMSVQEAETVTLSCTYDTSESDYYLFWYKQPPSRQMILVIRQEAYKQQNATENRFSVNFQKAAKSFSLKISDSQLGDAAMYFC	human	True	pdb/new_tcr_2023-06-02/8gon_tcr_only.pdb
8gon	B	TRBV12-3*01	TRBJ2-3*01	CASTWGRASTDTQYF	20,22,24,31,33,45,46,47,66,76,89,90,91	DAGVIQSPRHEVTEMGQEVTLRCKPISGHNSLFWYRQTMMRGLELLIYFNNNVPIDDSGMPEDRFSAKMPNASFSTLKIQPSEPRDSAVYFCASTWGRASTDTQYFGPGTRLTVLED	DAGVIQSPRHEVTEMGQEVTLRCKPISGHNSLFWYRQTMMRGLELLIYFNNNVPIDDSGMPEDRFSAKMPNASFSTLKIQPSEPRDSAVYFC	human	True	pdb/new_tcr_2023-06-02/8gon_tcr_only.pdb
6p64	A	TRAV38-2/DV8*01	TRAJ33*01	CAFMDSNYQLIW	18,20,22,31,33,45,46,47,57,68,81,82,83	TVTQSQPEMSVQEAETVTLSCTYDTSESDYYLFWYKQPPSRQMILVIRQEAYKNRFSVNFQKAAKSFSLKISDSQLGDAAMYFCAFMDSNYQLIWGAGTKLIIKPN	AQTVTQSQPEMSVQEAETVTLSCTYDTSESDYYLFWYKQPPSRQMILVIRQEAYKQQNATENRFSVNFQKAAKSFSLKISDSQLGDAAMYFC	human	True	pdb/new_tcr_2023-06-02/6p64_tcr_only.pdb
6p64	B	TRBV12-3*01	TRBJ2-3*01	CASSRTSPTDTQYF	21,23,25,32,34,46,47,48,67,77,90,91,92	MDAGVIQSPRHEVTEMGQEVTLRCKPISGHNSLFWYRQTMMRGLELLIYFNNNVPIDDSGMPEDRFSAKMPNASFSTLKIQPSEPRDSAVYFCASSRTSPTDTQYFGPGTRLTVLED	DAGVIQSPRHEVTEMGQEVTLRCKPISGHNSLFWYRQTMMRGLELLIYFNNNVPIDDSGMPEDRFSAKMPNASFSTLKIQPSEPRDSAVYFC	human	True	pdb/new_tcr_2023-06-02/6p64_tcr_only.pdb
6uk2	A	TRAV38-2/DV8*01	TRAJ33*01	CAFMDSNYQLIW	19,21,23,32,34,46,47,48,64,75,88,89,90	QTVTQSQPEMSVQEAETVTLSCTYDTSESDYYLFWYKQPPSRQMILVIRQEAYKQQNATENRFSVNFQKAAKSFSLKISDSQLGDAAMYFCAFMDSNYQLIWGAGTKLIIKPN	AQTVTQSQPEMSVQEAETVTLSCTYDTSESDYYLFWYKQPPSRQMILVIRQEAYKQQNATENRFSVNFQKAAKSFSLKISDSQLGDAAMYFC	human	True	pdb/new_tcr_2023-06-02/6uk2_tcr_only.pdb
6uk2	B	TRBV12-3*01	TRBJ2-3*01	CASSRTSPTDTQYF	20,22,24,31,33,45,46,47,66,76,89,90,91	DAGVIQSPRHEVTEMGQEVTLRCKPISGHNSLFWYRQTMMRGLELLIYFNNNVPIDDSGMPEDRFSAKMPNASFSTLKIQPSEPRDSAVYFCASSRTSPTDTQYFGPGTRLTVLED	DAGVIQSPRHEVTEMGQEVTLRCKPISGHNSLFWYRQTMMRGLELLIYFNNNVPIDDSGMPEDRFSAKMPNASFSTLKIQPSEPRDSAVYFC	human	True	pdb/new_tcr_2023-06-02/6uk2_tcr_only.pdb
6uk4	A	TRAV38-2/DV8*01	TRAJ33*01	CAFMDSNYQLIW	19,21,23,32,34,46,47,48,64,75,88,89,90	QTVTQSQPEMSVQEAETVTLSCTYDTSESDYYLFWYKQPPSRQMILVIRQEAYKQQNATENRFSVNFQKAAKSFSLKISDSQLGDAAMYFCAFMDSNYQLIWGAGTKLIIKPN	AQTVTQSQPEMSVQEAETVTLSCTYDTSESDYYLFWYKQPPSRQMILVIRQEAYKQQNATENRFSVNFQKAAKSFSLKISDSQLGDAAMYFC	human	True	pdb/new_tcr_2023-06-02/6uk4_tcr_only.pdb
6uk4	B	TRBV12-3*01	TRBJ2-3*01	CASSRTSPTDTQYF	20,22,24,31,33,45,46,47,66,76,89,90,91	DAGVIQSPRHEVTEMGQEVTLRCKPISGHNSLFWYRQTMMRGLELLIYFNNNVPIDDSGMPEDRFSAKMPNASFSTLKIQPSEPRDSAVYFCASSRTSPTDTQYFGPGTRLTVLED	DAGVIQSPRHEVTEMGQEVTLRCKPISGHNSLFWYRQTMMRGLELLIYFNNNVPIDDSGMPEDRFSAKMPNASFSTLKIQPSEPRDSAVYFC	human	True	pdb/new_tcr_2023-06-02/6uk4_tcr_only.pdb
7l1d	A	TRAV12-2*02	TRAJ44*01	CAGNTGTASKLTF	14,16,18,26,28,40,41,42,56,67,80,81,82	NSGPLSVPEGAIASLNCTYSDRGSQSFFWYRQYSGKSPELIMSIYSNGDKEDGRFTAQLNKASQYVSLLIRDSQPSDSATYLCAGNTGTASKLTFGTGTRLQVTLN	QKEVEQNSGPLSVPEGAIASLNCTYSDRGSQSFFWYRQYSGKSPELIMSIYSNGDKEDGRFTAQLNKASQYVSLLIRDSQPSDSATYLC	human	True	pdb/new_tcr_2023-06-02/7l1d_tcr_only.pdb
7l1d	B	TRBV9*01	TRBJ2-6*01	CASSGLAGGPVSGANVLTF	19,21,23,30,32,44,45,46,64,74,87,88,89	SGVTQTPKHLITATGQRVTLRCSPRSGDLSVYWYQQSLDQGLQFLIQYYNGEERAKGNILERFSAQQFPDLHSELNLSSLELGDSALYFCASSGLAGGPVSGANVLTFGAGSRLTVLED	DSGVTQTPKHLITATGQRVTLRCSPRSGDLSVYWYQQSLDQGLQFLIQYYNGEERAKGNILERFSAQQFPDLHSELNLSSLELGDSALYFC	human	True	pdb/new_tcr_2023-06-02/7l1d_tcr_only.pdb
7rrg	A	TRAV4*01	TRAJ9*01	CLVGGAYTGGFKTIF	18,20,22,31,33,45,46,47,60,71,84,85,86	AKTTQPISMDSYEGQEVNITCSHNNIATNDYITWYQQFPSQGPRFIIQGYKTKVTNEVASLFIPADRKSSTLSLPRVSLSDTAVYYCLVGGAYTGGFKTIFGAGTRLFVKAN	LAKTTQPISMDSYEGQEVNITCSHNNIATNDYITWYQQFPSQGPRFIIQGYKTKVTNEVASLFIPADRKSSTLSLPRVSLSDTAVYYC	human	True	pdb/new_tcr_2023-06-02/7rrg_tcr_only.pdb
7rrg	B	TRBV11-2*01	TRBJ2-7*01	CASSLVAETYEQYF	19,21,23,30,32,44,45,46,65,75,88,89,90	AGVAQSPRYKIIEKRQSVAFWCNPISGHATLYWYQQILGQGPKLLIQFQNNGVVDDSQLPKDRFSAERLKGVDSTLKIQPAKLEDSAVYLCASSLVAETYEQYFGPGTRLTVTED	EAGVAQSPRYKIIEKRQSVAFWCNPISGHATLYWYQQILGQGPKLLIQFQNNGVVDDSQLPKDRFSAERLKGVDSTLKIQPAKLEDSAVYLC	human	True	pdb/new_tcr_2023-06-02/7rrg_tcr_only.pdb
7ow6	A	TRAV19*01	TRAJ28*01	CAMSVPSGDGSYQFTF	20,22,24,33,35,47,48,49,65,76,89,90,91	AQKVTQAQTEISVVEKEDVTLDCVYETRDTAYYLFWYKQPPSGELVFLIRQPWWGEQNEISGRYSWNFQKSTSSFNFTITASQVVDSAVYFCAMSVPSGDGSYQFTFGKGTKLSVIPN	AQKVTQAQTEISVVEKEDVTLDCVYETRDTTYYLFWYKQPPSGELVFLIRRNSFDEQNEISGRYSWNFQKSTSSFNFTITASQVVDSAVYFC	human	True	pdb/new_tcr_2023-06-02/7ow6_tcr_only.pdb
7ow6	B	TRBV6-3*01	TRBJ1-6*01	CASKVGPGQHNSPLHF	21,23,25,32,34,46,47,48,66,76,89,90,91	MNAGVTQTPKFRVLKTGQSMTLLCAQDMNHEYMYWYRQDPGMGLRLIHYSVGEGTTAKGEVPDGYNVSRLKKQNFLLGLESAAPSQTSVYFCASKVGPGQHNSPLHFGNGTRLTVTED	NAGVTQTPKFRVLKTGQSMTLLCAQDMNHEYMYWYRQDPGMGLRLIHYSVGEGTTAKGEVPDGYNVSRLKKQNFLLGLESAAPSQTSVYFC	human	True	pdb/new_tcr_2023-06-02/7ow6_tcr_only.pdb
7ow5	A	TRAV19*01	TRAJ28*01	CAMSVPSGDGSYQFTF	20,22,24,33,35,47,48,49,65,76,89,90,91	AQKVTQAQTEISVVEKEDVTLDCVYETRDTAYYLFWYKQPPSGELVFLIRQPWWGEQNEISGRYSWNFQKSTSSFNFTITASQVVDSAVYFCAMSVPSGDGSYQFTFGKGTKLSVIPN	AQKVTQAQTEISVVEKEDVTLDCVYETRDTTYYLFWYKQPPSGELVFLIRRNSFDEQNEISGRYSWNFQKSTSSFNFTITASQVVDSAVYFC	human	True	pdb/new_tcr_2023-06-02/7ow5_tcr_only.pdb
7ow5	B	TRBV6-3*01	TRBJ1-6*01	CASKVGPGQHNSPLHF	21,23,25,32,34,46,47,48,66,76,89,90,91	MNAGVTQTPKFRVLKTGQSMTLLCAQDMNHEYMYWYRQDPGMGLRLIHYSVGEGTTAKGEVPDGYNVSRLKKQNFLLGLESAAPSQTSVYFCASKVGPGQHNSPLHFGNGTRLTVTED	NAGVTQTPKFRVLKTGQSMTLLCAQDMNHEYMYWYRQDPGMGLRLIHYSVGEGTTAKGEVPDGYNVSRLKKQNFLLGLESAAPSQTSVYFC	human	True	pdb/new_tcr_2023-06-02/7ow5_tcr_only.pdb
7pb2	A	TRAV19*01	TRAJ28*01	CALSGPSGAGSYQLTF	19,21,23,32,34,46,47,48,64,75,88,89,90	QKVTQAQTEISVVEKEDVTLDCVYETRDTTYYLFWYKQPPSGELVFLIRRNSFDEQNEISGRYSWNFQKSTSSFNFTITASQVVDSAVYFCALSGPSGAGSYQLTFGKGTKLSVIPN	AQKVTQAQTEISVVEKEDVTLDCVYETRDTTYYLFWYKQPPSGELVFLIRRNSFDEQNEISGRYSWNFQKSTSSFNFTITASQVVDSAVYFC	human	True	pdb/new_tcr_2023-06-02/7pb2_tcr_only.pdb
7pb2	B	TRBV6-3*01	TRBJ1-6*01	CASSYGPGQHNSPLHF	20,22,24,31,33,45,46,47,65,75,88,89,90	NAGVTQTPKFRVLKTGQSMTLLCAQDMNHEYMYWYRQDPGMGLRLIHYSVGEGTTAKGEVPDGYNVSRLKKQNFLLGLESAAPSQTSVYFCASSYGPGQHNSPLHFGNGTRLTVTED	NAGVTQTPKFRVLKTGQSMTLLCAQDMNHEYMYWYRQDPGMGLRLIHYSVGEGTTAKGEVPDGYNVSRLKKQNFLLGLESAAPSQTSVYFC	human	True	pdb/new_tcr_2023-06-02/7pb2_tcr_only.pdb
7nme	A	TRAV5*01	TRAJ37*01	CAEPSGNTGKLIF	18,20,22,30,32,44,45,46,61,72,85,86,87	EDVEQSLFLSVREGDSSVINCTYTDSSSTYLYWYKQEPGAGLQLLTYIFSNMDMKQDQRLTVLLNKKDKHLSLRIADTQTGDSAIYFCAEPSGNTGKLIFGQGTTLQVKPI	GEDVEQSLFLSVREGDSSVINCTYTDSSSTYLYWYKQEPGAGLQLLTYIFSNMDMKQDQRLTVLLNKKDKHLSLRIADTQTGDSAIYFC	human	True	pdb/new_tcr_2023-06-02/7nme_tcr_only.pdb
7nme	B	TRBV7-9*03	TRBJ2-7*01	CASSLHHEQYF	19,21,23,30,32,44,45,46,65,75,88,89,90	TGVSQDPRHKITKRGQNVTFRCDPISEHNRLYWYRQTLGQGPEFLTYFQNEAQLEKSRLLSDRFSAERPKGSFSTLEIQRTEQGDSAMYLCASSLHHEQYFGPGTRLTVTED	DTGVSQDPRHKITKRGQNVTFRCDPISEHNRLYWYRQTLGQGPEFLTYFQNEAQLEKSRLLSDRFSAERPKGSFSTLEIQRTEQGDSAMYLC	human	True	pdb/new_tcr_2023-06-02/7nme_tcr_only.pdb
7nmf	A	TRAV5*01	TRAJ37*01	CAEPSGNTGKLIF	19,21,23,31,33,45,46,47,62,73,86,87,88	GEDVEQSLFLSVREGDSSVINCTYTDSSSTYLYWYKQEPGAGLQLLTYIFSNMDMKQDQRLTVLLNKKDKHLSLRIADTQTGDSAIYFCAEPSGNTGKLIFGQGTTLQVKPI	GEDVEQSLFLSVREGDSSVINCTYTDSSSTYLYWYKQEPGAGLQLLTYIFSNMDMKQDQRLTVLLNKKDKHLSLRIADTQTGDSAIYFC	human	True	pdb/new_tcr_2023-06-02/7nmf_tcr_only.pdb
7nmf	B	TRBV7-9*03	TRBJ2-7*01	CASSLHHEQYF	19,21,23,30,32,44,45,46,65,75,88,89,90	TGVSQDPRHKITKRGQNVTFRCDPISEHNRLYWYRQTLGQGPEFLTYFQNEAQLEKSRLLSDRFSAERPKGSFSTLEIQRTEQGDSAMYLCASSLHHEQYFGPGTRLTVTED	DTGVSQDPRHKITKRGQNVTFRCDPISEHNRLYWYRQTLGQGPEFLTYFQNEAQLEKSRLLSDRFSAERPKGSFSTLEIQRTEQGDSAMYLC	human	True	pdb/new_tcr_2023-06-02/7nmf_tcr_only.pdb
7nmg	A	TRAV5*01	TRAJ37*01	CAEPSGNTGKLIF	19,21,23,31,33,45,46,47,62,73,86,87,88	GEDVEQSLFLSVREGDSSVINCTYTDSSSTYLYWYKQEPGAGLQLLTYIFSNMDMKQDQRLTVLLNKKDKHLSLRIADTQTGDSAIYFCAEPSGNTGKLIFGQGTTLQVKPI	GEDVEQSLFLSVREGDSSVINCTYTDSSSTYLYWYKQEPGAGLQLLTYIFSNMDMKQDQRLTVLLNKKDKHLSLRIADTQTGDSAIYFC	human	True	pdb/new_tcr_2023-06-02/7nmg_tcr_only.pdb
7nmg	B	TRBV7-9*03	TRBJ2-7*01	CASSLHHEQYF	19,21,23,30,32,44,45,46,65,75,88,89,90	TGVSQDPRHKITKRGQNVTFRCDPISEHNRLYWYRQTLGQGPEFLTYFQNEAQLEKSRLLSDRFSAERPKGSFSTLEIQRTEQGDSAMYLCASSLHHEQYFGPGTRLTVTED	DTGVSQDPRHKITKRGQNVTFRCDPISEHNRLYWYRQTLGQGPEFLTYFQNEAQLEKSRLLSDRFSAERPKGSFSTLEIQRTEQGDSAMYLC	human	True	pdb/new_tcr_2023-06-02/7nmg_tcr_only.pdb
8gvb	A	TRAV8-3*01	TRAJ10*01	CAVGFTGGGNKLTF	19,21,23,31,33,45,46,47,63,74,87,88,89	QSVTQPDIHITVSEGASLELRCNYSYGATPYLFWYVQSPGQGLQLLLKYFSGDTLVQGIKGFEAEFKRSQSSFNLRKPSVHWSDAAEYFCAVGFTGGGNKLTFGTGTQLKVELN	AQSVTQPDIHITVSEGASLELRCNYSYGATPYLFWYVQSPGQGLQLLLKYFSGDTLVQGIKGFEAEFKRSQSSFNLRKPSVHWSDAAEYFC	human	True	pdb/new_tcr_2023-06-02/8gvb_tcr_only.pdb
8gvb	B	TRBV7-9*03	TRBJ2-5*01	CASSDRDRVPETQYF	18,20,22,29,31,43,44,45,64,74,87,88,89	GVSQDPRHKITKRGQNVTFRCDPISEHNRLYWYRQTLGQGPEFLTYFQNEAQLEKSRLLSDRFSAERPKGSFSTLEIQRTEQGDSAMYLCASSDRDRVPETQYFGPGTRLLVLED	DTGVSQDPRHKITKRGQNVTFRCDPISEHNRLYWYRQTLGQGPEFLTYFQNEAQLEKSRLLSDRFSAERPKGSFSTLEIQRTEQGDSAMYLC	human	True	pdb/new_tcr_2023-06-02/8gvb_tcr_only.pdb
8gvg	A	TRAV8-3*01	TRAJ10*01	CAVGFTGGGNKLTF	19,21,23,31,33,45,46,47,63,74,87,88,89	QSVTQPDIHITVSEGASLELRCNYSYGATPYLFWYVQSPGQGLQLLLKYFSGDTLVQGIKGFEAEFKRSQSSFNLRKPSVHWSDAAEYFCAVGFTGGGNKLTFGTGTQLKVELN	AQSVTQPDIHITVSEGASLELRCNYSYGATPYLFWYVQSPGQGLQLLLKYFSGDTLVQGIKGFEAEFKRSQSSFNLRKPSVHWSDAAEYFC	human	True	pdb/new_tcr_2023-06-02/8gvg_tcr_only.pdb
8gvg	B	TRBV7-9*03	TRBJ2-5*01	CASSDRDRVPETQYF	18,20,22,29,31,43,44,45,64,74,87,88,89	GVSQDPRHKITKRGQNVTFRCDPISEHNRLYWYRQTLGQGPEFLTYFQNEAQLEKSRLLSDRFSAERPKGSFSTLEIQRTEQGDSAMYLCASSDRDRVPETQYFGPGTRLLVLED	DTGVSQDPRHKITKRGQNVTFRCDPISEHNRLYWYRQTLGQGPEFLTYFQNEAQLEKSRLLSDRFSAERPKGSFSTLEIQRTEQGDSAMYLC	human	True	pdb/new_tcr_2023-06-02/8gvg_tcr_only.pdb
8gvi	A	TRAV8-3*02	TRAJ10*01	CAVVFTGGGNKLTF	19,21,23,31,33,45,46,47,63,74,87,88,89	QSVTQPDIHITVSEGASLELRCNYSYGATPYLFWYVQSPGQGLQLLLKYFSGDTLVQGIKGFEAEFKRSQSSFNLRKPSVHWSDAAEYFCAVVFTGGGNKLTFGTGTQLKVELN	AQSVTQPDIHITVSEGASLELRCNYSYGATPYLFWYVQSPGQGLQLLLKYFSGDTLVQGIKGFEAEFKRSQSSFNLRKPSVHWSDAAEYFC	human	True	pdb/new_tcr_2023-06-02/8gvi_tcr_only.pdb
8gvi	B	TRBV7-9*03	TRBJ2-5*01	CASSLRDRVPETQYF	19,21,23,30,32,44,45,46,65,75,88,89,90	TGVSQDPRHKITKRGQNVTFRCDPISEHNRLYWYRQTLGQGPEFLTYFQNEAQLEKSRLLSDRFSAERPKGSFSTLEIQRTEQGDSAMYLCASSLRDRVPETQYFGPGTRLLVLED	DTGVSQDPRHKITKRGQNVTFRCDPISEHNRLYWYRQTLGQGPEFLTYFQNEAQLEKSRLLSDRFSAERPKGSFSTLEIQRTEQGDSAMYLC	human	True	pdb/new_tcr_2023-06-02/8gvi_tcr_only.pdb
7n2n	A	TRAV21*01	TRAJ58*01	CAVLSPVQETSGSRLTF	20,22,24,32,34,46,47,48,63,74,87,88,89	KQEVTQIPAALSVPEGENLVLNCSFTDSAIYNLQWFRQDPGKGLTSLLLIQSSQREQTSGRLNASLDKSSGRSTLYIAASQPGDSATYLCAVLSPVQETSGSRLTFGEGTQLTVNPD	KQEVTQIPAALSVPEGENLVLNCSFTDSAIYNLQWFRQDPGKGLTSLLLIQSSQREQTSGRLNASLDKSSGRSTLYIAASQPGDSATYLC	human	True	pdb/new_tcr_2023-06-02/7n2n_tcr_only.pdb
7n2n	B	TRBV9*01	TRBJ2-3*01	CASSVGLFSTDTQYF	18,20,22,29,31,43,44,45,63,73,86,87,88	GVTQTPKHLITATGQRVTLRCSPRSGDLSVYWYQQSLDQGLQFLIQYYNGEERAKGNILERFSAQQFPDLHSELNLSSLELGDSALYFCASSVGLFSTDTQYFGPGTRLTVLED	DSGVTQTPKHLITATGQRVTLRCSPRSGDLSVYWYQQSLDQGLQFLIQYYNGEERAKGNILERFSAQQFPDLHSELNLSSLELGDSALYFC	human	True	pdb/new_tcr_2023-06-02/7n2n_tcr_only.pdb
7n2o	A	TRAV21*01	TRAJ58*01	CAVLSPVQETSGSRLTF	20,22,24,32,34,46,47,48,63,74,87,88,89	KQEVTQIPAALSVPEGENLVLNCSFTDSAIYNLQWFRQDPGKGLTSLLLIQSSQREQTSGRLNASLDKSSGRSTLYIAASQPGDSATYLCAVLSPVQETSGSRLTFGEGTQLTVNPD	KQEVTQIPAALSVPEGENLVLNCSFTDSAIYNLQWFRQDPGKGLTSLLLIQSSQREQTSGRLNASLDKSSGRSTLYIAASQPGDSATYLC	human	True	pdb/new_tcr_2023-06-02/7n2o_tcr_only.pdb
7n2o	B	TRBV9*01	TRBJ2-3*01	CASSVGLFSTDTQYF	18,20,22,29,31,43,44,45,63,73,86,87,88	GVTQTPKHLITATGQRVTLRCSPRSGDLSVYWYQQSLDQGLQFLIQYYNGEERAKGNILERFSAQQFPDLHSELNLSSLELGDSALYFCASSVGLFSTDTQYFGPGTRLTVLED	DSGVTQTPKHLITATGQRVTLRCSPRSGDLSVYWYQQSLDQGLQFLIQYYNGEERAKGNILERFSAQQFPDLHSELNLSSLELGDSALYFC	human	True	pdb/new_tcr_2023-06-02/7n2o_tcr_only.pdb
7n2p	A	TRAV21*01	TRAJ21*01	CAVSNFNKFYF	20,22,24,32,34,46,47,48,63,74,87,88,89	KQEVTQIPAALSVPEGENLVLNCSFTDSAIYNLQWFRQDPGKGLTSLLLIQSSQREQTSGRLNASLDKSSGRSTLYIAASQPGDSATYLCAVSNFNKFYFGSGTKLNVKPN	KQEVTQIPAALSVPEGENLVLNCSFTDSAIYNLQWFRQDPGKGLTSLLLIQSSQREQTSGRLNASLDKSSGRSTLYIAASQPGDSATYLC	human	True	pdb/new_tcr_2023-06-02/7n2p_tcr_only.pdb
7n2p	B	TRBV9*01	TRBJ2-3*01	CASSVATYSTDTQYF	18,20,22,29,31,43,44,45,63,73,86,87,88	GVTQTPKHLITATGQRVTLRCSPRSGDLSVYWYQQSLDQGLQFLIQYYNGEERAKGNILERFSAQQFPDLHSELNLSSLELGDSALYFCASSVATYSTDTQYFGPGTRLTVLED	DSGVTQTPKHLITATGQRVTLRCSPRSGDLSVYWYQQSLDQGLQFLIQYYNGEERAKGNILERFSAQQFPDLHSELNLSSLELGDSALYFC	human	True	pdb/new_tcr_2023-06-02/7n2p_tcr_only.pdb
7n2q	A	TRAV21*01	TRAJ21*01	CAVSNFNKFYF	20,22,24,32,34,46,47,48,63,74,87,88,89	KQEVTQIPAALSVPEGENLVLNCSFTDSAIYNLQWFRQDPGKGLTSLLLIQSSQREQTSGRLNASLDKSSGRSTLYIAASQPGDSATYLCAVSNFNKFYFGSGTKLNVKPN	KQEVTQIPAALSVPEGENLVLNCSFTDSAIYNLQWFRQDPGKGLTSLLLIQSSQREQTSGRLNASLDKSSGRSTLYIAASQPGDSATYLC	human	True	pdb/new_tcr_2023-06-02/7n2q_tcr_only.pdb
7n2q	B	TRBV9*01	TRBJ2-3*01	CASSVATYSTDTQYF	17,19,21,28,30,42,43,44,62,72,85,86,87	VTQTPKHLITATGQRVTLRCSPRSGDLSVYWYQQSLDQGLQFLIQYYNGEERAKGNILERFSAQQFPDLHSELNLSSLELGDSALYFCASSVATYSTDTQYFGPGTRLTVLED	DSGVTQTPKHLITATGQRVTLRCSPRSGDLSVYWYQQSLDQGLQFLIQYYNGEERAKGNILERFSAQQFPDLHSELNLSSLELGDSALYFC	human	True	pdb/new_tcr_2023-06-02/7n2q_tcr_only.pdb
7n2r	A	TRAV21*01	TRAJ21*01	CAVSNFNKFYF	20,22,24,32,34,46,47,48,63,74,87,88,89	KQEVTQIPAALSVPEGENLVLNCSFTDSAIYNLQWFRQDPGKGLTSLLLIQSSQREQTSGRLNASLDKSSGRSTLYIAASQPGDSATYLCAVSNFNKFYFGSGTKLNVKPN	KQEVTQIPAALSVPEGENLVLNCSFTDSAIYNLQWFRQDPGKGLTSLLLIQSSQREQTSGRLNASLDKSSGRSTLYIAASQPGDSATYLC	human	True	pdb/new_tcr_2023-06-02/7n2r_tcr_only.pdb
7n2r	B	TRBV9*01	TRBJ2-3*01	CASSVATYSTDTQYF	18,20,22,29,31,43,44,45,63,73,86,87,88	GVTQTPKHLITATGQRVTLRCSPRSGDLSVYWYQQSLDQGLQFLIQYYNGEERAKGNILERFSAQQFPDLHSELNLSSLELGDSALYFCASSVATYSTDTQYFGPGTRLTVLED	DSGVTQTPKHLITATGQRVTLRCSPRSGDLSVYWYQQSLDQGLQFLIQYYNGEERAKGNILERFSAQQFPDLHSELNLSSLELGDSALYFC	human	True	pdb/new_tcr_2023-06-02/7n2r_tcr_only.pdb
7n2s	A	TRAV21*01	TRAJ28*01	CAVSLGTGAGSYQLTF	20,22,24,32,34,46,47,48,63,74,87,88,89	KQEVTQIPAALSVPEGENLVLNCSFTDSAIYNLQWFRQDPGKGLTSLLLIQSSQREQTSGRLNASLDKSSGRSTLYIAASQPGDSATYLCAVSLGTGAGSYQLTFGKGTKLSVIPY	KQEVTQIPAALSVPEGENLVLNCSFTDSAIYNLQWFRQDPGKGLTSLLLIQSSQREQTSGRLNASLDKSSGRSTLYIAASQPGDSATYLC	human	True	pdb/new_tcr_2023-06-02/7n2s_tcr_only.pdb
7n2s	B	TRBV9*01	TRBJ2-3*01	CASSVGLYSTDTQYF	18,20,22,29,31,43,44,45,63,73,86,87,88	GVTQTPKHLITATGQRVTLRCSPRSGDLSVYWYQQSLDQGLQFLIQYYNGEERAKGNILERFSAQQFPDLHSELNLSSLELGDSALYFCASSVGLYSTDTQYFGPGTRLTVLED	DSGVTQTPKHLITATGQRVTLRCSPRSGDLSVYWYQQSLDQGLQFLIQYYNGEERAKGNILERFSAQQFPDLHSELNLSSLELGDSALYFC	human	True	pdb/new_tcr_2023-06-02/7n2s_tcr_only.pdb
8cx4	A	TRAV21*01	TRAJ28*01	CAVNSPGSGAGSYQLTF	20,22,24,32,34,46,47,48,63,74,87,88,89	KQEVTQIPAALSVPEGENLVLNCSFTDSAIYNLQWFRQDPGKGLTSLLLIQSSQREQTSGRLNASLDKSSGRSTLYIAASQPGDSATYLCAVNSPGSGAGSYQLTFGKGTKLSVIPN	KQEVTQIPAALSVPEGENLVLNCSFTDSAIYNLQWFRQDPGKGLTSLLLIQSSQREQTSGRLNASLDKSSGRSTLYIAASQPGDSATYLC	human	True	pdb/new_tcr_2023-06-02/8cx4_tcr_only.pdb
8cx4	B	TRBV9*01	TRBJ2-3*01	CASSVGTYSTDTQYF	19,21,23,30,32,44,45,46,64,74,87,88,89	SGVTQTPKHLITATGQRVTLRCSPRSGDLSVYWYQQSLDQGLQFLIQYYNGEERAKGNILERFSAQQFPDLHSELNLSSLELGDSALYFCASSVGTYSTDTQYFGPGTRLTVLED	DSGVTQTPKHLITATGQRVTLRCSPRSGDLSVYWYQQSLDQGLQFLIQYYNGEERAKGNILERFSAQQFPDLHSELNLSSLELGDSALYFC	human	True	pdb/new_tcr_2023-06-02/8cx4_tcr_only.pdb
2nx5	A	TRAV1-2*01	TRAJ6*01	CAVQASGGSYIPTF	18,20,22,30,32,44,45,46,60,71,84,85,86	QNIDQPTEMTATEGAIVQINCTYQTSGFNGLFWYQQHAGEAPTFLSYNVLDGLEEKGRFSSFLSRSKGYSYLLLKELQMKDSASYLCAVQASGGSYIPTFGRGTSLIVHPY	GQNIDQPTEMTATEGAIVQINCTYQTSGFNGLFWYQQHAGEAPTFLSYNVLDGLEEKGRFSSFLSRSKGYSYLLLKELQMKDSASYLC	human	True	pdb/new_tcr_2023-06-02/2nx5_tcr_only.pdb
2nx5	B	TRBV10-3*01	TRBJ1-5*01	CATGTGDSNQPQHF	20,22,24,31,33,45,46,47,65,75,88,89,90	DAGITQSPRHKVTETGTPVTLRCHQTENHRYMYWYRQDPGHGLRLIHYSYGVKDTDKGEVSDGYSVSRSKTEDFLLTLESATSSQTSVYFCATGTGDSNQPQHFGDGTRLSILED	DAGITQSPRHKVTETGTPVTLRCHQTENHRYMYWYRQDPGHGLRLIHYSYGVKDTDKGEVSDGYSVSRSKTEDFLLTLESATSSQTSVYFC	human	True	pdb/new_tcr_2023-06-02/2nx5_tcr_only.pdb
7dzn	A	TRAV26-1*01	TRAJ39*01	CIVRGLNNAGNMLTF	19,21,23,32,34,46,47,48,61,72,85,86,87	DAKTTQPPSMDCAEGRAANLPCNHSTISGNEYVYWYRQIHSQGPQYIIHGLKNNETNEMASLIITEDRKSSTLILPHATLRDTAVYYCIVRGLNNAGNMLTFGGGTRLMVKPD	DAKTTQPPSMDCAEGRAANLPCNHSTISGNEYVYWYRQIHSQGPQYIIHGLKNNETNEMASLIITEDRKSSTLILPHATLRDTAVYYC	human	True	pdb/new_tcr_2023-06-02/7dzn_tcr_only.pdb
7dzn	B	TRBV12-3*01	TRBJ1-3*01	CASSLGIDAIYF	19,21,23,30,32,44,45,46,65,75,88,89,90	AGVIQSPRHEVTEMGQEVTLRCKPISGHNSLFWYRQTMMRGLELLIYFNNNVPIDDSGMPEDRFSAKMPNASFSTLKIQPSEPRDSAVYFCASSLGIDAIYFGEGSWLTVVED	DAGVIQSPRHEVTEMGQEVTLRCKPISGHNSLFWYRQTMMRGLELLIYFNNNVPIDDSGMPEDRFSAKMPNASFSTLKIQPSEPRDSAVYFC	human	True	pdb/new_tcr_2023-06-02/7dzn_tcr_only.pdb
7r80	A	TRAV21*01	TRAJ15*01	CAQLNQAGTALIF	20,22,24,32,34,46,47,48,63,74,87,88,89	KQEVTQIPAALSVPEGENLVLNCSFTDSAIYNLQWFRQDPGKGLTSLLLIQSSQREQTSGRLNASLDKSSGRSTLYIAASQPGDSATYLCAQLNQAGTALIFGKGTTLSVSSN	KQEVTQIPAALSVPEGENLVLNCSFTDSAIYNLQWFRQDPGKGLTSLLLIQSSQREQTSGRLNASLDKSSGRSTLYIAASQPGDSATYLC	human	True	pdb/new_tcr_2023-06-02/7r80_tcr_only.pdb
7r80	B	TRBV6-5*01	TRBJ1-2*01	CASSYGTGINYGYTF	20,22,24,31,33,45,46,47,65,75,88,89,90	NAGVTQTPKFQVLKTGQSMTLQCAQDMNHEYMSWYRQDPGMGLRLIHYSVGAGITDQGEVPNGYNVSRSTTEDFPLRLLSAAPSQTSVYFCASSYGTGINYGYTFGSGTRLTVVED	NAGVTQTPKFQVLKTGQSMTLQCAQDMNHEYMSWYRQDPGMGLRLIHYSVGAGITDQGEVPNGYNVSRSTTEDFPLRLLSAAPSQTSVYFC	human	True	pdb/new_tcr_2023-06-02/7r80_tcr_only.pdb
7dzm	A	TRAV26-1*01	TRAJ39*01	CIVRGLNNAGNMLTF	19,21,23,32,34,46,47,48,61,72,85,86,87	DAKTTQPPSMDCAEGRAANLPCNHSTISGNEYVYWYRQIHSQGPQYIIHGLKNNETNEMASLIITEDRKSSTLILPHATLRDTAVYYCIVRGLNNAGNMLTFGGGTRLMVKPD	DAKTTQPPSMDCAEGRAANLPCNHSTISGNEYVYWYRQIHSQGPQYIIHGLKNNETNEMASLIITEDRKSSTLILPHATLRDTAVYYC	human	True	pdb/new_tcr_2023-06-02/7dzm_tcr_only.pdb
7dzm	B	TRBV12-3*01	TRBJ1-3*01	CASSLGIDAIYF	19,21,23,30,32,44,45,46,65,75,88,89,90	AGVIQSPRHEVTEMGQEVTLRCKPISGHNSLFWYRQTMMRGLELLIYFNNNVPIDDSGMPEDRFSAKMPNASFSTLKIQPSEPRDSAVYFCASSLGIDAIYFGEGSWLTVVED	DAGVIQSPRHEVTEMGQEVTLRCKPISGHNSLFWYRQTMMRGLELLIYFNNNVPIDDSGMPEDRFSAKMPNASFSTLKIQPSEPRDSAVYFC	human	True	pdb/new_tcr_2023-06-02/7dzm_tcr_only.pdb
7su9	A	TRAV4*01	TRAJ15*01	CLVGDMDQAGTALIF	18,20,22,31,33,45,46,47,60,71,84,85,86	AKTTQPISVDSYEGQEVNITCSHNNIATNDYITWYQQFPSQGPRFIIQGYKTKVTNEVASLFIPADRKSSTLSLPRVSLSDTAVYYCLVGDMDQAGTALIFGKGTTLSVSSD	LAKTTQPISMDSYEGQEVNITCSHNNIATNDYITWYQQFPSQGPRFIIQGYKTKVTNEVASLFIPADRKSSTLSLPRVSLSDTAVYYC	human	True	pdb/new_tcr_2023-06-02/7su9_tcr_only.pdb
7su9	B	TRBV5-6*01	TRBJ1-2*01	CASSLGEGRVDGYTF	18,20,22,29,31,43,44,45,63,73,86,87,88	GVTQSPTHLIKTRGQQVTLRCSPKSGHDTVSWYQQALGQGPQFIFQYYEEEERQRGNFPDRFSGHQFPNYSSELNVNALLLGDSALYLCASSLGEGRVDGYTFGSGTRLTVVED	DAGVTQSPTHLIKTRGQQVTLRCSPKSGHDTVSWYQQALGQGPQFIFQYYEEEERQRGNFPDRFSGHQFPNYSSELNVNALLLGDSALYLC	human	True	pdb/new_tcr_2023-06-02/7su9_tcr_only.pdb
6uln	A	TRAV4*01	TRAJ15*01	CLVGDMDQAGTALIF	18,20,22,31,33,45,46,47,60,71,84,85,86	AKTTQPISVDSYEGQEVNITCSHNNIATNDYITWYQQFPSQGPRFIIQGYKTKVTNEVASLFIPADRKSSTLSLPRVSLSDTAVYYCLVGDMDQAGTALIFGKGTTLSVSSD	LAKTTQPISMDSYEGQEVNITCSHNNIATNDYITWYQQFPSQGPRFIIQGYKTKVTNEVASLFIPADRKSSTLSLPRVSLSDTAVYYC	human	True	pdb/new_tcr_2023-06-02/6uln_tcr_only.pdb
6uln	B	TRBV5-6*01	TRBJ1-2*01	CASSLGQTNYGYTF	18,20,22,29,31,43,44,45,63,73,86,87,88	GVTQSPTHLIKTRGQQVTLRCSPKSGHDTVSWYQQALGQGPQFIFQYYEEEERQRGNFPDRFSGHQFPNYSSELNVNALLLGDSALYLCASSLGQTNYGYTFGSGTRLTVVED	DAGVTQSPTHLIKTRGQQVTLRCSPKSGHDTVSWYQQALGQGPQFIFQYYEEEERQRGNFPDRFSGHQFPNYSSELNVNALLLGDSALYLC	human	True	pdb/new_tcr_2023-06-02/6uln_tcr_only.pdb
6ulr	A	TRAV4*01	TRAJ15*01	CLVGDMDQAGTALIF	17,19,21,30,32,44,45,46,59,70,83,84,85	KTTQPISVDSYEGQEVNITCSHNNIATNDYITWYQQFPSQGPRFIIQGYKTKVTNEVASLFIPADRKSSTLSLPRVSLSDTAVYYCLVGDMDQAGTALIFGKGTTLSVSSD	LAKTTQPISMDSYEGQEVNITCSHNNIATNDYITWYQQFPSQGPRFIIQGYKTKVTNEVASLFIPADRKSSTLSLPRVSLSDTAVYYC	human	True	pdb/new_tcr_2023-06-02/6ulr_tcr_only.pdb
6ulr	B	TRBV5-6*01	TRBJ1-2*01	CASSLGEGRVDGYTF	18,20,22,29,31,43,44,45,63,73,86,87,88	GVTQSPTHLIKTRGQQVTLRCSPKSGHDTVSWYQQALGQGPQFIFQYYEEEERQRGNFPDRFSGHQFPNYSSELNVNALLLGDSALYLCASSLGEGRVDGYTFGSGTRLTVVED	DAGVTQSPTHLIKTRGQQVTLRCSPKSGHDTVSWYQQALGQGPQFIFQYYEEEERQRGNFPDRFSGHQFPNYSSELNVNALLLGDSALYLC	human	True	pdb/new_tcr_2023-06-02/6ulr_tcr_only.pdb
6zkw	A	TRAV21*01	TRAJ15*01	CAVTNQAGTALIF	20,22,24,32,34,46,47,48,63,74,87,88,89	AQEVTQIPAALSVPEGENLVLNCSFTDSAIYNLQWFRQDPGKGLTSLLLIQSSQREQTSGRLNASLDKSSGRSTLYIAASQPGDSATYLCAVTNQAGTALIFGKGTTLSVSSN	KQEVTQIPAALSVPEGENLVLNCSFTDSAIYNLQWFRQDPGKGLTSLLLIQSSQREQTSGRLNASLDKSSGRSTLYIAASQPGDSATYLC	human	True	pdb/new_tcr_2023-06-02/6zkw_tcr_only.pdb
6zkw	B	TRBV6-5*01	TRBJ2-1*01	CASSYSIRGSRGEQFF	19,21,23,30,32,44,45,46,64,74,87,88,89	AGVTQTPKFQVLKTGQSMTLQCSQDMNHEYMSWYRQDPGMGLRLIHYSVGAGITDQGEVPNGYNVSRSTTEDFPLRLLSAAPSQTSVYFCASSYSIRGSRGEQFFGPGTRLTVLED	NAGVTQTPKFQVLKTGQSMTLQCAQDMNHEYMSWYRQDPGMGLRLIHYSVGAGITDQGEVPNGYNVSRSTTEDFPLRLLSAAPSQTSVYFC	human	True	pdb/new_tcr_2023-06-02/6zkw_tcr_only.pdb
6zkx	A	TRAV21*01	TRAJ15*01	CAVTNQAGTALIF	20,22,24,32,34,46,47,48,63,74,87,88,89	AQEVTQIPAALSVPEGENLVLNCSFTDSAIYNLQWFRQDPGKGLTSLLLIQSSQREQTSGRLNASLDKSSGRSTLYIAASQPGDSATYLCAVTNQAGTALIFGKGTTLSVSSN	KQEVTQIPAALSVPEGENLVLNCSFTDSAIYNLQWFRQDPGKGLTSLLLIQSSQREQTSGRLNASLDKSSGRSTLYIAASQPGDSATYLC	human	True	pdb/new_tcr_2023-06-02/6zkx_tcr_only.pdb
6zkx	B	TRBV6-5*01	TRBJ2-1*01	CASSYSIRGSRGEQFF	20,22,24,31,33,45,46,47,65,75,88,89,90	NAGVTQTPKFQVLKTGQSMTLQCSQDMNHEYMSWYRQDPGMGLRLIHYSVGAGITDQGEVPNGYNVSRSTTEDFPLRLLSAAPSQTSVYFCASSYSIRGSRGEQFFGPGTRLTVLED	NAGVTQTPKFQVLKTGQSMTLQCAQDMNHEYMSWYRQDPGMGLRLIHYSVGAGITDQGEVPNGYNVSRSTTEDFPLRLLSAAPSQTSVYFC	human	True	pdb/new_tcr_2023-06-02/6zkx_tcr_only.pdb
6zky	A	TRAV21*01	TRAJ15*01	CAVTNQAGTALIF	19,21,23,31,33,45,46,47,62,73,86,87,88	QEVTQIPAALSVPEGENLVLNCSFTDSAIYNLQWFRQDPGKGLTSLLLIQSSQREQTSGRLNASLDKSSGRSTLYIAASQPGDSATYLCAVTNQAGTALIFGKGTTLSVSSN	KQEVTQIPAALSVPEGENLVLNCSFTDSAIYNLQWFRQDPGKGLTSLLLIQSSQREQTSGRLNASLDKSSGRSTLYIAASQPGDSATYLC	human	True	pdb/new_tcr_2023-06-02/6zky_tcr_only.pdb
6zky	B	TRBV6-5*01	TRBJ2-1*01	CASSYSIRGSRGEQFF	20,22,24,31,33,45,46,47,65,75,88,89,90	NAGVTQTPKFQVLKTGQSMTLQCSQDMNHEYMSWYRQDPGMGLRLIHYSVGAGITDQGEVPNGYNVSRSTTEDFPLRLLSAAPSQTSVYFCASSYSIRGSRGEQFFGPGTRLTVLED	NAGVTQTPKFQVLKTGQSMTLQCAQDMNHEYMSWYRQDPGMGLRLIHYSVGAGITDQGEVPNGYNVSRSTTEDFPLRLLSAAPSQTSVYFC	human	True	pdb/new_tcr_2023-06-02/6zky_tcr_only.pdb
6zkz	A	TRAV21*01	TRAJ15*01	CAVTNQAGTALIF	20,22,24,32,34,46,47,48,63,74,87,88,89	AQEVTQIPAALSVPEGENLVLNCSFTDSAIYNLQWFRQDPGKGLTSLLLIQSSQREQTSGRLNASLDKSSGRSTLYIAASQPGDSATYLCAVTNQAGTALIFGKGTTLSVSSN	KQEVTQIPAALSVPEGENLVLNCSFTDSAIYNLQWFRQDPGKGLTSLLLIQSSQREQTSGRLNASLDKSSGRSTLYIAASQPGDSATYLC	human	True	pdb/new_tcr_2023-06-02/6zkz_tcr_only.pdb
6zkz	B	TRBV6-5*01	TRBJ2-1*01	CASSYSIRGSRGEQFF	19,21,23,30,32,44,45,46,64,74,87,88,89	AGVTQTPKFQVLKTGQSMTLQCSQDMNHEYMSWYRQDPGMGLRLIHYSVGAGITDQGEVPNGYNVSRSTTEDFPLRLLSAAPSQTSVYFCASSYSIRGSRGEQFFGPGTRLTVLED	NAGVTQTPKFQVLKTGQSMTLQCAQDMNHEYMSWYRQDPGMGLRLIHYSVGAGITDQGEVPNGYNVSRSTTEDFPLRLLSAAPSQTSVYFC	human	True	pdb/new_tcr_2023-06-02/6zkz_tcr_only.pdb
7n4k	A	TRAV21/DV12*01	TRAJ53*01	CILSGGSNYKLTF	17,19,21,30,32,44,45,46,59,70,83,84,85	KTTQPDSMESTEGETVHLPCSHATISGNEYIYWYRQVPLQGPEYVTHGLQQNTTNSMAFLAIASDRKSSTLILPHVSLRDAAVYHCILSGGSNYKLTFGKGTLLTVTPN	DAKTTQPDSMESTEGETVHLPCSHATISGNEYIYWYRQVPLQGPEYVTHGLQQNTTNSMAFLAIASDRKSSTLILTHVSLRDAAVYHC	mouse	True	pdb/new_tcr_2023-06-02/7n4k_tcr_only.pdb
7n4k	B	TRBV29*01	TRBJ2-7*01	CASSFGREQYF	20,22,24,31,33,45,46,47,65,75,88,89,90	DMKVTQMPRYLIKRMGENVLLECGQDMSHETMYWYRQDPGLGLQLIYISYDVDSNSEGDIPKGYRVSRKKREHFSLILDSAKTNQTSVYFCASSFGREQYFGPGTRLTVLED	DMKVTQMPRYLIKRMGENVLLECGQDMSHETMYWYRQDPGLGLQLIYISYDVDSNSEGDIPKGYRVSRKKREHFSLILDSAKTNQTSVYFC	mouse	True	pdb/new_tcr_2023-06-02/7n4k_tcr_only.pdb
7n5c	A	TRAV21/DV12*01	TRAJ53*01	CILSGGCNYKLTF	18,20,22,31,33,45,46,47,60,71,84,85,86	AKTTQPDSMESTEGETVHLPCSHATISGNEYIYWYRQVPLQGPEYVTHGLQQNTTNSMAFLAIASDRKSSTLILPHVSLRDAAVYHCILSGGCNYKLTFGKGTLLTVTPN	DAKTTQPDSMESTEGETVHLPCSHATISGNEYIYWYRQVPLQGPEYVTHGLQQNTTNSMAFLAIASDRKSSTLILTHVSLRDAAVYHC	mouse	True	pdb/new_tcr_2023-06-02/7n5c_tcr_only.pdb
7n5c	B	TRBV29*01	TRBJ2-7*01	CASSFGREQYF	20,22,24,31,33,45,46,47,65,75,88,89,90	DMKVTQMPRYLIKRMGENVLLECGQDMSHETMYWYRQDPGLGLQLIYISYDVDSNSEGDIPKGYRVSRKKREHFSLILDSAKTNQTSVYFCASSFGREQYFGPGTRLTVLED	DMKVTQMPRYLIKRMGENVLLECGQDMSHETMYWYRQDPGLGLQLIYISYDVDSNSEGDIPKGYRVSRKKREHFSLILDSAKTNQTSVYFC	mouse	True	pdb/new_tcr_2023-06-02/7n5c_tcr_only.pdb
7n5p	A	TRAV21/DV12*01	TRAJ53*01	CILSGGSNYKLTF	17,19,21,30,32,44,45,46,59,70,83,84,85	KTTQPDSMESTEGETVHLPCSHATISGNEYIYWYRQVPLQGPEYVTHGLQQNTTNSMAFLAIASDRKSSTLILPHVSLRDAAVYHCILSGGSNYKLTFGKGTLLTVTPN	DAKTTQPDSMESTEGETVHLPCSHATISGNEYIYWYRQVPLQGPEYVTHGLQQNTTNSMAFLAIASDRKSSTLILTHVSLRDAAVYHC	mouse	True	pdb/new_tcr_2023-06-02/7n5p_tcr_only.pdb
7n5p	B	TRBV29*01	TRBJ2-7*01	CASSFGREQYF	19,21,23,30,32,44,45,46,64,74,87,88,89	MKVTQMPRYLIKRMGENVLLECGQDMSHETMYWYRQDPGLGLQLIYISYDVDSNSEGDIPKGYRVSRKKREHFSLILDSAKTNQTSVYFCASSFGREQYFGPGTRLTVLED	DMKVTQMPRYLIKRMGENVLLECGQDMSHETMYWYRQDPGLGLQLIYISYDVDSNSEGDIPKGYRVSRKKREHFSLILDSAKTNQTSVYFC	mouse	True	pdb/new_tcr_2023-06-02/7n5p_tcr_only.pdb
7na5	A	TRAV7-1*01	TRAJ21*01	CAVSNYNVLYF	19,21,23,31,33,45,46,47,61,72,85,86,87	QKVQQSPESLIVPEGGMASLNCTFSDRNSQYFWWYRQHSGEGPKALMSIFSNGDKKEGRFTAHLNKASLHVSLHIKDSQPSDSALYFCAVSNYNVLYFGSGTKLTVEPN	QQKVQQSPESLIVPEGGMASLNCTFSDRNSQYFWWYRQHSGEGPKALMSIFSNGDKKEGRFTAHLNKASLYVSLHIKDSQPSDSALYFC	mouse	True	pdb/new_tcr_2023-06-02/7na5_tcr_only.pdb
7na5	B	TRBV2*01	TRBJ2-1*01	CASSQEPGGYAEQFF	18,20,22,29,31,43,44,45,63,73,86,87,88	KIIQKPKYLVAVTGSEKILICEQYLGHNAMYWYRQSAKKPLEFMFSYSYQKLMDNQTASSRFQPQSSKKNHLDLQITALKPDDSATYFCASSQEPGGYAEQFFGPGTRLTVLED	DPKIIQKPKYLVAVTGSEKILICEQYLGHNAMYWYRQSAKKPLEFMFSYSYQKLMDNQTASSRFQPQSSKKNHLDLQITALKPDDSATYFC	mouse	True	pdb/new_tcr_2023-06-02/7na5_tcr_only.pdb
8d5q	A	TRAV6-7/DV9*01	TRAJ52*01	CALGDPTGANTGKLTF	20,22,24,32,34,46,47,48,63,74,87,88,89	MDSVTQTEGQVALSEEDFLTIHCNYSASGYPALFWYVQYPGEGPQFLFRASRDKEKGSSRGFEATYNKETTSFHLQKASVQESDSAVYYCALGDPTGANTGKLTFGHGTILRVHPN	GDSVTQTEGQVALSEEDFLTIHCNYSASGYPALFWYVQYPGEGPQFLFRASRDKEKGSSRGFEATYNKETTSFHLQKASVQESDSAVYYC	mouse	True	pdb/new_tcr_2023-06-02/8d5q_tcr_only.pdb
8d5q	B	TRBV1*01	TRBJ2-1*01	CTCSAGRGGYAEQFF	20,22,24,32,34,46,47,48,67,77,88,89,90	MTLLEQNPRWRLVPRGQAVNLRCILKNSQYPWMSWYQQDLQKQLQWLFTLRSPGDKEVKSLPGADYLATRVTDTELRLQVANMSQGRTLYCTCSAGRGGYAEQFFGPGTRLTVLED	VTLLEQNPRWRLVPRGQAVNLRCILKNSQYPWMSWYQQDLQKQLQWLFTLRSPGDKEVKSLPGADYLATRVTDTELRLQVANMSQGRTLYC	mouse	True	pdb/new_tcr_2023-06-02/8d5q_tcr_only.pdb
7t2b	A	TRAV17*01	TRAJ32*01	CATDKKGGATNKLIF	13,15,17,24,26,38,39,40,55,66,79,80,81	PQALSIQEGENATMNCSYKTSINNLQWYRQNSGRGLVHLILIRSNEREKHSGRLRVTLDTSKKSSSLLITASRAADTASYFCATDKKGGATNKLIFGTGTLLAVQPN	SQQGEEDPQALSIQEGENATMNCSYKTSINNLQWYRQNSGRGLVHLILIRSNEREKHSGRLRVTLDTSKKSSSLLITASRAADTASYFC	human	True	pdb/new_tcr_2023-06-02/7t2b_tcr_only.pdb
7t2b	B	TRBV6-3*01	TRBJ2-7*01	CASSQGGGEQYF	18,20,22,29,31,43,44,45,63,73,86,87,88	GVTQTPKFRVLKTGQSMTLLCAQDMNHEYMYWYRQDPGMGLRLIHYSVGEGTTAKGEVPDGYNVSRLKKQNFLLGLESAAPSQTSVYFCASSQGGGEQYFGPGTRLTVTED	NAGVTQTPKFRVLKTGQSMTLLCAQDMNHEYMYWYRQDPGMGLRLIHYSVGEGTTAKGEVPDGYNVSRLKKQNFLLGLESAAPSQTSVYFC	human	True	pdb/new_tcr_2023-06-02/7t2b_tcr_only.pdb
7t2c	A	TRAV4*01	TRAJ8*01	CLVGDTGFQKLVF	18,20,22,31,33,45,46,47,60,71,84,85,86	AKTTQPISMDSYEGQEVNITCSHNNIATNDYITWYQQFPSQGPRFIIQGYKTKVTNEVASLFIPADRKSSTLSLPRVSLSDTAVYYCLVGDTGFQKLVFGTGTRLLVSPN	LAKTTQPISMDSYEGQEVNITCSHNNIATNDYITWYQQFPSQGPRFIIQGYKTKVTNEVASLFIPADRKSSTLSLPRVSLSDTAVYYC	human	True	pdb/new_tcr_2023-06-02/7t2c_tcr_only.pdb
7t2c	B	TRBV20-1*01	TRBJ2-7*01	CSARDPGGGGSSYEQYF	19,21,23,31,33,45,46,47,67,77,90,91,92	AVVSQHPSWVICKSGTSVKIECRSLDFQATTMFWYRQFPKQSLMLMATSNEGSKATYEQGVEKDKFLINHASLTLSTLTVTSAHPEDSSFYICSARDPGGGGSSYEQYFGPGTRLTVTED	GAVVSQHPSWVICKSGTSVKIECRSLDFQATTMFWYRQFPKQSLMLMATSNEGSKATYEQGVEKDKFLINHASLTLSTLTVTSAHPEDSSFYIC	human	True	pdb/new_tcr_2023-06-02/7t2c_tcr_only.pdb
7t2d	A	TRAV19*01	TRAJ22*01	CALSGSARQLTF	20,22,24,33,35,47,48,49,65,76,89,90,91	AQKVTQAQTEISVVEKEDVTLDCVYETRDTTYYLFWYKQPPSGELVFLIRRNSFDEQNEISGRYSWNFQKSTSSFNFTITASQVVDSAVYFCALSGSARQLTFGSGTQLTVLPD	AQKVTQAQTEISVVEKEDVTLDCVYETRDTTYYLFWYKQPPSGELVFLIRRNSFDEQNEISGRYSWNFQKSTSSFNFTITASQVVDSAVYFC	human	True	pdb/new_tcr_2023-06-02/7t2d_tcr_only.pdb
7t2d	B	TRBV7-3*01	TRBJ2-5*01	CASSHREGETQYF	12,14,16,23,25,37,38,39,58,68,81,82,83	SNKVTEKGKYVELRCDPISGHTALYWYRQSLGQGPEFLIYFQGTGAADDSGLPNDRFFAVRPEGSVSTLKIQRTERGDSAVYLCASSHREGETQYFGPGTRLLVLED	GAGVSQTPSNKVTEKGKYVELRCDPISGHTALYWYRQSLGQGPEFLIYFQGTGAADDSGLPNDRFFAVRPEGSVSTLKIQRTERGDSAVYLC	human	True	pdb/new_tcr_2023-06-02/7t2d_tcr_only.pdb
6xc9	A	TRAV38-1*03	TRAJ54*01	CAFFGQGAQKLVF	20,22,24,33,35,47,48,49,65,76,89,90,91	MQTVTQSQPEMSVQEAETVTLSCTYDTSESNYYLFWYKQPPSRQMILVIRQEAYKQQNATENRFSVNFQKAAKSFSLKISDSQLGDTAMYFCAFFGQGAQKLVFGQGTRLTINPN	AQTVTQSQPEMSVQEAETVTLSCTYDTSESNYYLFWYKQPPSRQMILVIRQEAYKQQNATENRFSVNFQKAAKSFSLKISDSQLGDTAMYFC	human	True	pdb/new_tcr_2023-06-02/6xc9_tcr_only.pdb
6xc9	B	TRBV5-1*01	TRBJ2-3*01	CASSLSASGGATDTQYF	18,20,22,29,31,43,44,45,63,73,86,87,88	GVTQTPRYLIKTRGQQVTLSCSPISGHRSVSWYQQTPGQGLQFLFEYFSETQRNKGNFPGRFSGRQFSNSRSEMNVSTLELGDSALYLCASSLSASGGATDTQYFGPGTRLTVLED	KAGVTQTPRYLIKTRGQQVTLSCSPISGHRSVSWYQQTPGQGLQFLFEYFSETQRNKGNFPGRFSGRQFSNSRSEMNVSTLELGDSALYLC	human	True	pdb/new_tcr_2023-06-02/6xc9_tcr_only.pdb
6xco	A	TRAV20*01	TRAJ7*01	CAVQAGGNNRLAF	18,20,22,30,32,44,45,46,61,70,83,84,85	QVTQSPEALRLQEGESSSLNCSYTVSGLRGLFWYRQDPGKGPEFLFTLYSAGEEKEKERLKATLTKKESFLHITAPKPEDSATYLCAVQAGGNNRLAFGKGNQVVVIPN	EDQVTQSPEALRLQEGESSSLNCSYTVSGLRGLFWYRQDPGKGPEFLFTLYSAGEEKEKERLKATLTKKESFLHITAPKPEDSATYLC	human	True	pdb/new_tcr_2023-06-02/6xco_tcr_only.pdb
6xco	B	TRBV5-1*01	TRBJ1-2*01	CASSLERDGYTF	18,20,22,29,31,43,44,45,63,73,86,87,88	GVTQTPRYLIKTRGQQVTLSCSPISGHRSVSWYQQTPGQGLQFLFEYFSETQRNKGNFPGRFSGRQFSNSRSEMNVSTLELGDSALYLCASSLERDGYTFGSGTRLTVVED	KAGVTQTPRYLIKTRGQQVTLSCSPISGHRSVSWYQQTPGQGLQFLFEYFSETQRNKGNFPGRFSGRQFSNSRSEMNVSTLELGDSALYLC	human	True	pdb/new_tcr_2023-06-02/6xco_tcr_only.pdb
6xcp	A	TRAV26-1*01	TRAJ39*01	CIVSHNAGNMLTF	18,20,22,31,33,45,46,47,60,71,84,85,86	MKTTQPPSMDCAEGRAANLPCNHSTISGNEYVYWYRQIHSQGPQYIIHGLKNNETNEMASLIITEDRKSSTLILPHATLRDTAVYYCIVSHNAGNMLTFGGGTRLMVKPH	DAKTTQPPSMDCAEGRAANLPCNHSTISGNEYVYWYRQIHSQGPQYIIHGLKNNETNEMASLIITEDRKSSTLILPHATLRDTAVYYC	human	True	pdb/new_tcr_2023-06-02/6xcp_tcr_only.pdb
6xcp	B	TRBV5-1*01	TRBJ2-5*01	CASSLERETQYF	18,20,22,29,31,43,44,45,63,73,86,87,88	GVTQTPRYLIKTRGQQVTLSCSPISGHRSVSWYQQTPGQGLQFLFEYFSETQRNKGNFPGRFSGRQFSNSRSEMNVSTLELGDSALYLCASSLERETQYFGPGTRLLVLED	KAGVTQTPRYLIKTRGQQVTLSCSPISGHRSVSWYQQTPGQGLQFLFEYFSETQRNKGNFPGRFSGRQFSNSRSEMNVSTLELGDSALYLC	human	True	pdb/new_tcr_2023-06-02/6xcp_tcr_only.pdb
7sg0	A	TRAV9-2*01	TRAJ52*01	CALSGGTSYGKLTF	20,22,24,32,34,46,47,48,62,73,86,87,88	MNSVTQMEGPVTLSEEAFLTINCTYTATGYPSLFWYVQYPGEGLQLLLKATKADDGSNKGFEATYRKETTSFHLEKGSVQVSDSAVYFCALSGGTSYGKLTFGQGTILTVHPN	GNSVTQMEGPVTLSEEAFLTINCTYTATGYPSLFWYVQYPGEGLQLLLKATKADDKGSNKGFEATYRKETTSFHLEKGSVQVSDSAVYFC	human	True	pdb/new_tcr_2023-06-02/7sg0_tcr_only.pdb
7sg0	B	TRBV7-3*01	TRBJ1-1*01	CASSQGQDTEAFF	16,18,20,27,29,41,42,43,62,72,85,86,87	MQTPSNKVTEKGKYVELRCDPISGHTALYWYRQSLGQGPEFLIYFQGTGAADDSGLPNDRFFAVRPEGSVSTLKIQRTERGDSAVYLCASSQGQDTEAFFGQGTRLTVVED	GAGVSQTPSNKVTEKGKYVELRCDPISGHTALYWYRQSLGQGPEFLIYFQGTGAADDSGLPNDRFFAVRPEGSVSTLKIQRTERGDSAVYLC	human	True	pdb/new_tcr_2023-06-02/7sg0_tcr_only.pdb
7sg1	A	TRAV4*01	TRAJ43*01	CLVGGLARDMRF	18,20,22,31,33,45,46,47,60,71,84,85,86	MKTTQPISMDSYEGQEVNITCSHNNIATNDYITWYQQFPSQGPRFIIQGYKTKVTNEVASLFIPADRKSSTLSLPRVSLSDTAVYYCLVGGLARDMRFGAGTRLTVKPN	LAKTTQPISMDSYEGQEVNITCSHNNIATNDYITWYQQFPSQGPRFIIQGYKTKVTNEVASLFIPADRKSSTLSLPRVSLSDTAVYYC	human	True	pdb/new_tcr_2023-06-02/7sg1_tcr_only.pdb
7sg1	B	TRBV29-1*01	TRBJ2-2*01	CSVALGSDTGELFF	19,21,23,30,32,44,45,46,66,76,89,90,91	AVISQKPSRDICQRGTSLTIQCQVDSQVTMMFWYRQQPGQSLTLIATANQGSEATYESGFVIDKFPISRPNLTFSTLTVSNMSPEDSSIYLCSVALGSDTGELFFGEGSRLTVLED	SAVISQKPSRDICQRGTSLTIQCQVDSQVTMMFWYRQQPGQSLTLIATANQGSEATYESGFVIDKFPISRPNLTFSTLTVSNMSPEDSSIYLC	human	True	pdb/new_tcr_2023-06-02/7sg1_tcr_only.pdb
7sg2	A	TRAV4*01	TRAJ43*01	CLVGGLARDMRF	17,19,21,30,32,44,45,46,59,70,83,84,85	KTTQPISMDSYEGQEVNITCSHNNIATNDYITWYQQFPSQGPRFIIQGYKTKVTNEVASLFIPADRKSSTLSLPRVSLSDTAVYYCLVGGLARDMRFGAGTRLTVKPN	LAKTTQPISMDSYEGQEVNITCSHNNIATNDYITWYQQFPSQGPRFIIQGYKTKVTNEVASLFIPADRKSSTLSLPRVSLSDTAVYYC	human	True	pdb/new_tcr_2023-06-02/7sg2_tcr_only.pdb
7sg2	B	TRBV29-1*01	TRBJ2-2*01	CSVALGSDTGELFF	19,21,23,30,32,44,45,46,66,76,89,90,91	AVISQKPSRDICQRGTSLTIQCQVDSQVTMMFWYRQQPGQSLTLIATANQGSEATYESGFVIDKFPISRPNLTFSTLTVSNMSPEDSSIYLCSVALGSDTGELFFGEGSRLTVLED	SAVISQKPSRDICQRGTSLTIQCQVDSQVTMMFWYRQQPGQSLTLIATANQGSEATYESGFVIDKFPISRPNLTFSTLTVSNMSPEDSSIYLC	human	True	pdb/new_tcr_2023-06-02/7sg2_tcr_only.pdb
7rdv	A	TRAV5N-4*01	TRAJ31*01	CAASDDNNNRIFF	19,21,23,31,33,45,46,47,62,73,86,87,88	EQVEQLPSILRVQEGSSASINCTYENSASNYFPWYKQEPGENPKLIIDIRSNMERKQTQGLIVLLDKKAKRFSLHITDTQPGDSAMYFCAASDDNNNRIFFGDGTQLVVKPN	GEQVEQLPSILRVQEGSSASINCTYENSASNYFPWYKQEPGENPKLIIDIRSNMERKQTQGLIVLLDKKAKRFSLHITDTQPGDSAMYFC	mouse	True	pdb/new_tcr_2023-06-02/7rdv_tcr_only.pdb
7rdv	B	TRBV13-2*01	TRBJ1-4*01	CASGGQSNERLFF	18,20,22,29,31,43,44,45,63,73,86,87,88	AVTQSPRNKVAVTGGKVTLSCNQTNNHNNMYWYRQDTGHGLRLIHYSYGAGSTEKGDIPDGYKASRPSQENFSLILELATPSQTSVYFCASGGQSNERLFFGHGTKLSVLED	EAAVTQSPRNKVAVTGGKVTLSCNQTNNHNNMYWYRQDTGHGLRLIHYSYGAGSTEKGDIPDGYKASRPSQENFSLILELATPSQTSVYFC	mouse	True	pdb/new_tcr_2023-06-02/7rdv_tcr_only.pdb
7z50	A	TRAV5D-4*04	TRAJ40*01	CAASVRNYKYVF	18,20,22,30,32,44,45,46,61,72,85,86,87	QVEQLPSILRVQEGSSASINCSYEDSASNYFPWYKQEPGENPKLIIDIRSNMERKQTQGLIVLLDKKAKRFSLHITDTQPGDSAMYFCAASVRNYKYVFGAGTRLKVIAD	EQVEQLPSILRVQEGSSASINCSYEDSASNYFPWYKQEPGENPKLIIDIRSNMERKQTQGLIVLLDKKAKRFSLHITDTQPGDSAMYFC	mouse	True	pdb/new_tcr_2023-06-02/7z50_tcr_only.pdb
7z50	B	TRBV16*01	TRBJ2-4*01	CASSRQGQNTLYF	19,21,23,30,32,44,45,46,65,75,88,89,90	MGVIQTPRHKVTGKGQEATLWCEPISGHSAVFWYRQTIVQGLEFLTYFRNQAPIDDSGMPKERFSAQMPNQSHSTLKIQSTQPQDSAVYLCASSRQGQNTLYFGAGTRLSVLED	NAGVIQTPRHKVTGKGQEATLWCEPISGHSAVFWYRQTIVQGLEFLTYFRNQAPIDDSGMPKERFSAQMPNQSHSTLKIQSTQPQDSAVYLC	mouse	True	pdb/new_tcr_2023-06-02/7z50_tcr_only.pdb
