organism	mhc_class	mhc_allele	pep_seq	va	ja	cdr3a	vb	jb	cdr3b	pdbid	pdbfile	chainseq	torsion	d	tcr_unit_y	tcr_unit_z	tcr_unit_x_is_negative	mhc_unit_y	mhc_unit_z	mhc_unit_x_is_negative	mhc_total_chainbreak	mhc_alignseq
human	1	A*02:01	IMDQVPFSV	TRAV8-1*01	TRAJ29*01	CAVNARRNTPLVF	TRBV19*01	TRBJ2-1*01	CASSITLSSYNEQFF	6vm8	pdb/new_ternary_2023-06-02/6vm8_mh1_orient.pdb	GSHSMRYFFTSVSRPGRGEPRFIAVGYVDDTQFVRFDSDAASQRMEPRAPWIEQEGPEYWDGETRKVKAHSQTHRVDLGTLRGYYNQSEAGSHTVQRMYGCDVGSDWRFLRGYHQYAYDGKDYIALKEDLRSWTAADMAAQTTKHKWEAAHVAEQLRAYLEGTCVEWLRRYLENGKETLQR/IMDQVPFSV/QSVSQHNHHVILSEAASLELGCNYSYGGTVNLFWYVQYPGQHLQLLLKYFSGDPLVKGIKGFEAEFIKSKFSFNLRKPSVQWSDTAEYFCAVNARRNTPLVFGKGTRLSVIAN/GITQSPKYLFRKEGQNVTLSCEQNLNHDAMYWYRQDPGQGLRLIYYSQIVNDFQKGDIAEGYSVSREKKESFPLTVTSAQKNPTAFYLCASSITLSSYNEQFFGPGTRLTVLED	3.2129498153280527	30.915587772912783	-0.022873766096068	0.1327515146313822	False	0.023567644099633564	0.10040515481456457	False	0.0	GSHSMRYFFTSVSRPGRGEPRFIAVGYVDDTQFVRFDSDAASQRMEPRAPWIEQEGPEYWDGETRKVKAHSQTHRVDLGTLRGYYNQSEAGSHTVQRMYGCDVGSDWRFLRGYHQYAYDGKDYIALKEDLRSWTAADMAAQTTKHKWEAAHVAEQLRAYLEGTCVEWLRRYLENG
human	1	A*02:01	ITDQVPFSV	TRAV8-1*01	TRAJ29*01	CAVNARRNTPLVF	TRBV19*01	TRBJ2-1*01	CASSITLSSYNEQFF	6vm7	pdb/new_ternary_2023-06-02/6vm7_mh1_orient.pdb	GSHSMRYFFTSVSRPGRGEPRFIAVGYVDDTQFVRFDSDAASQRMEPRAPWIEQEGPEYWDGETRKVKAHSQTHRVDLGTLRGYYNQSEAGSHTVQRMYGCDVGSDWRFLRGYHQYAYDGKDYIALKEDLRSWTAADMAAQTTKHKWEAAHVAEQLRAYLEGTCVEWLRRYLENGKETLQR/ITDQVPFSV/QSVSQHNHHVILSEAASLELGCNYSYGGTVNLFWYVQYPGQHLQLLLKYFSGDPLVKGIKGFEAEFIKSKFSFNLRKPSVQWSDTAEYFCAVNARRNTPLVFGKGTRLSVIAN/GITQSPKYLFRKEGQNVTLSCEQNLNHDAMYWYRQDPGQGLRLIYYSQIVNDFQKGDIAEGYSVSREKKESFPLTVTSAQKNPTAFYLCASSITLSSYNEQFFGPGTRLTVLED	3.2059465728487067	30.926582844972742	-0.026788573380462637	0.12627656072071713	False	0.01442859747045935	0.09987336488547216	False	0.0	GSHSMRYFFTSVSRPGRGEPRFIAVGYVDDTQFVRFDSDAASQRMEPRAPWIEQEGPEYWDGETRKVKAHSQTHRVDLGTLRGYYNQSEAGSHTVQRMYGCDVGSDWRFLRGYHQYAYDGKDYIALKEDLRSWTAADMAAQTTKHKWEAAHVAEQLRAYLEGTCVEWLRRYLENG
human	1	A*02:01	ITDQVPFSV	TRAV12-2*02	TRAJ49*01	CAVNALLGNQFYF	TRBV19*01	TRBJ2-7*01	CASSMGGTYEQYF	6vma	pdb/new_ternary_2023-06-02/6vma_mh1_orient.pdb	GSHSMRYFFTSVSRPGRGEPRFIAVGYVDDTQFVRFDSDAASQRMEPRAPWIEQEGPEYWDGETRKVKAHSQTHRVDLGTLRGYYNQSEAGSHTVQRMYGCDVGSDWRFLRGYHQYAYDGKDYIALKEDLRSWTAADMAAQTTKHKWEAAHVAEQLRAYLEGTCVEWLRRYLENGKETLQR/ITDQVPFSV/QKEVEQNSGPLSVPEGAIASLNCTYSDRGSQSFFWYRQYSGKSPELIMSIYSNGDKEDGRFTAQLNKASQYVSLLIRDSQPSDSATYLCAVNALLGNQFYFGTGTSLTVIPN/GITQSPKYLFRKEGQNVTLSCEQNLNHDAMYWYRQDPGQGLRLIYYSQIVNDFQKGDIAEGYSVSREKKESFPLTVTSAQKNPTAFYLCASSMGGTYEQYFGPGTRLTVTED	3.706528747984682	30.17531287419223	0.10362773700788684	0.04879344447769972	False	0.040414270711432436	-0.08164860654626871	False	0.0	GSHSMRYFFTSVSRPGRGEPRFIAVGYVDDTQFVRFDSDAASQRMEPRAPWIEQEGPEYWDGETRKVKAHSQTHRVDLGTLRGYYNQSEAGSHTVQRMYGCDVGSDWRFLRGYHQYAYDGKDYIALKEDLRSWTAADMAAQTTKHKWEAAHVAEQLRAYLEGTCVEWLRRYLENG
human	1	A*02:01	IMDQVPFSV	TRAV12-2*02	TRAJ49*01	CAVNALLGNQFYF	TRBV19*01	TRBJ2-7*01	CASSMGGTYEQYF	6vm9	pdb/new_ternary_2023-06-02/6vm9_mh1_orient.pdb	GSHSMRYFFTSVSRPGRGEPRFIAVGYVDDTQFVRFDSDAASQRMEPRAPWIEQEGPEYWDGETRKVKAHSQTHRVDLGTLRGYYNQSEAGSHTVQRMYGCDVGSDWRFLRGYHQYAYDGKDYIALKEDLRSWTAADMAAQTTKHKWEAAHVAEQLRAYLEGTCVEWLRRYLENGKETLQR/IMDQVPFSV/QKEVEQNSGPLSVPEGAIASLNCTYSDRGSQSFFWYRQYSGKSPELIMSIYSNGDKEDGRFTAQLNKASQYVSLLIRDSQPSDSATYLCAVNALLGNQFYFGTGTSLTVIPN/GITQSPKYLFRKEGQNVTLSCEQNLNHDAMYWYRQDPGQGLRLIYYSQIVNDFQKGDIAEGYSVSREKKESFPLTVTSAQKNPTAFYLCASSMGGTYEQYFGPGTRLTVTED	3.6936366160292566	29.90621018021225	0.08476730313294978	0.031767045217110344	False	0.046370186047352484	-0.04974025577312787	False	0.0	GSHSMRYFFTSVSRPGRGEPRFIAVGYVDDTQFVRFDSDAASQRMEPRAPWIEQEGPEYWDGETRKVKAHSQTHRVDLGTLRGYYNQSEAGSHTVQRMYGCDVGSDWRFLRGYHQYAYDGKDYIALKEDLRSWTAADMAAQTTKHKWEAAHVAEQLRAYLEGTCVEWLRRYLENG
human	1	A*02:01	ILDQVPFSV	TRAV12-2*02	TRAJ49*01	CAVNALLGNQFYF	TRBV19*01	TRBJ2-7*01	CASSMGGTYEQYF	6vmc	pdb/new_ternary_2023-06-02/6vmc_mh1_orient.pdb	GSHSMRYFFTSVSRPGRGEPRFIAVGYVDDTQFVRFDSDAASQRMEPRAPWIEQEGPEYWDGETRKVKAHSQTHRVDLGTLRGYYNQSEAGSHTVQRMYGCDVGSDWRFLRGYHQYAYDGKDYIALKEDLRSWTAADMAAQTTKHKWEAAHVAEQLRAYLEGTCVEWLRRYLENGKETLQR/ILDQVPFSV/QKEVEQNSGPLSVPEGAIASLNCTYSDRGSQSFFWYRQYSGKSPELIMSIYSNGDKEDGRFTAQLNKASQYVSLLIRDSQPSDSATYLCAVNALLGNQFYFGTGTSLTVIPN/GITQSPKYLFRKEGQNVTLSCEQNLNHDAMYWYRQDPGQGLRLIYYSQIVNDFQKGDIAEGYSVSREKKESFPLTVTSAQKNPTAFYLCASSMGGTYEQYFGPGTRLTVTED	3.720368621700898	30.219964840668425	0.11708654453100288	0.05056695726084304	False	0.029035942379405606	-0.08424978937778517	False	0.0	GSHSMRYFFTSVSRPGRGEPRFIAVGYVDDTQFVRFDSDAASQRMEPRAPWIEQEGPEYWDGETRKVKAHSQTHRVDLGTLRGYYNQSEAGSHTVQRMYGCDVGSDWRFLRGYHQYAYDGKDYIALKEDLRSWTAADMAAQTTKHKWEAAHVAEQLRAYLEGTCVEWLRRYLENG
human	1	A*02:01	YLQPRTFLL	TRAV12-1*01	TRAJ34*01	CVVNINTDKLIF	TRBV7-9*03	TRBJ2-2*01	CASSSANSGELFF	7pbe	pdb/new_ternary_2023-06-02/7pbe_mh1_orient.pdb	GSHSMRYFFTSVSRPGRGEPRFIAVGYVDDTQFVRFDSDAASQRMEPRAPWIEQEGPEYWDGETRKVKAHSQTHRVDLGTLRGYYNQSEAGSHTVQRMYGCDVGSDWRFLRGYHQYAYDGKDYIALKEDLRSWTAADMAAQTTKHKWEAAHVAEQLRAYLEGTCVEWLRRYLENGKETLQR/YLQPRTFLL/EVEQDPGPFNVPEGATVAFNCTYSNSASQSFFWYRQDCRLEPKLIMSVYSSGNEDGRFTAQLNRASQYISLLIRDSKLSDSATYLCVVNINTDKLIFGTGTRLQVFPN/TGVSQDPRHKITKRGQNVTFRCDPISEHNRLYWYRQTLGQGPEFLTYFQNEAQLEKSRLLSDRFSAERPKGSFSTLEIQRTEQGDSAMYLCASSSANSGELFFGEGSRLTVLED	3.689363041339712	29.205606819094097	0.01757656619482939	0.1792447521178489	False	0.24493117989133564	0.00236663183022307	False	0.0	GSHSMRYFFTSVSRPGRGEPRFIAVGYVDDTQFVRFDSDAASQRMEPRAPWIEQEGPEYWDGETRKVKAHSQTHRVDLGTLRGYYNQSEAGSHTVQRMYGCDVGSDWRFLRGYHQYAYDGKDYIALKEDLRSWTAADMAAQTTKHKWEAAHVAEQLRAYLEGTCVEWLRRYLENG
human	1	A*02:01	YLEPGPVTV	TRAV17*01	TRAJ29*01	CATDGSTPMQF	TRBV19*01	TRBJ2-7*01	CASSWGAPYEQYF	7phr	pdb/new_ternary_2023-06-02/7phr_mh1_orient.pdb	GSHSMRYFFTSVSRPGRGEPRFIAVGYVDDTQFVRFDSDAASQRMEPRAPWIEQEGPEYWDGETRKVKAHSQTHRVDLGTLRGYYNQSEAGSHTVQRMYGCDVGSDWRFLRGYHQYAYDGKDYIALKEDLRSWTAADMAAQTTKHKWEAAHVAEQLRAYLEGTCVEWLRRYLENGKETLQR/YLEPGPVTV/PQALSIQEGENATMNCSYKTSINNLQWYRQNSGRGLVHLILIRSNEREKHSGRLRVTLDTSKKSSSLLITASRAADTASYFCATDGSTPMQFGKGTRLSVIPN/DGGITQSPKYLFRKEGQNVTLSCEQNLNHDAMYWYRQDPGQGLRLIYYSWAQGDFQKGDIAEGYSVSREKKESFPLTVTSAQKNPTAFYLCASSWGAPYEQYFGPGTRLTVTED	3.509626059274828	27.833358443357113	0.00033530132264614464	0.07065226935998606	False	0.1605940114005517	0.030051032865456413	False	0.0	GSHSMRYFFTSVSRPGRGEPRFIAVGYVDDTQFVRFDSDAASQRMEPRAPWIEQEGPEYWDGETRKVKAHSQTHRVDLGTLRGYYNQSEAGSHTVQRMYGCDVGSDWRFLRGYHQYAYDGKDYIALKEDLRSWTAADMAAQTTKHKWEAAHVAEQLRAYLEGTCVEWLRRYLENG
human	1	A*02:01	NLSALGIFST	TRAV12-2*01	TRAJ27*01	CAVNVAGKSTF	TRBV30*01	TRBJ2-2*01	CAWSETGLGTGELFF	7q99	pdb/new_ternary_2023-06-02/7q99_mh1_orient.pdb	GSHSMRYFFTSVSRPGRGEPRFIAVGYVDDTQFVRFDSDAASQRMEPRAPWIEQEGPEYWDGETRKVKAHSQTHRVDLGTLRGYYNQSEAGSHTVQRMYGCDVGSDWRFLRGYHQYAYDGKDYIALKEDLRSWTAADMAAQTTKHKWEAAHVAEQLRAYLEGTCVEWLRRYLENGKETLQR/NLSALGIFST/EVEQNSGPLSVPEGAIASLNCTYSDRGSQSFFWYRQYSGKSPELIMFIYSNGDKEDGRFTAQLNKASQYVSLLIRDSQPSDSATYLCAVNVAGKSTFGDGTTLTVKPN/SQTIHQWPATLVQPVGSPLSLECTVEGTSNPNLYWYRQAAGRGLQLLFYSVGIGQISSEVPQNLSASRPQDRQFILSSKKLLLSDSGFYLCAWSETGLGTGELFFGEGSRLTVLED	3.6177340071583153	28.84667811119741	0.009296931979318955	-0.01764350378955515	False	0.12305748631795688	-0.002201734077441671	False	0.0	GSHSMRYFFTSVSRPGRGEPRFIAVGYVDDTQFVRFDSDAASQRMEPRAPWIEQEGPEYWDGETRKVKAHSQTHRVDLGTLRGYYNQSEAGSHTVQRMYGCDVGSDWRFLRGYHQYAYDGKDYIALKEDLRSWTAADMAAQTTKHKWEAAHVAEQLRAYLEGTCVEWLRRYLENG
human	1	A*02:01	LLLGIGILVL	TRAV12-2*01	TRAJ27*01	CAVNVAGKSTF	TRBV30*01	TRBJ2-2*01	CAWSETGLGTGELFF	7q9a	pdb/new_ternary_2023-06-02/7q9a_mh1_orient.pdb	GSHSMRYFFTSVSRPGRGEPRFIAVGYVDDTQFVRFDSDAASQRMEPRAPWIEQEGPEYWDGETRKVKAHSQTHRVDLGTLRGYYNQSEAGSHTVQRMYGCDVGSDWRFLRGYHQYAYDGKDYIALKEDLRSWTAADMAAQTTKHKWEAAHVAEQLRAYLEGTCVEWLRRYLENGKETLQR/LLLGIGILVL/QEVEQNSGPLSVPEGAIASLNCTYSDRGSQSFFWYRQYSGKSPELIMFIYSNGDKEDGRFTAQLNKASQYVSLLIRDSQPSDSATYLCAVNVAGKSTFGDGTTLTVKPN/SQTIHQWPATLVQPVGSPLSLECTVEGTSNPNLYWYRQAAGRGLQLLFYSVGIGQISSEVPQNLSASRPQDRQFILSSKKLLLSDSGFYLCAWSETGLGTGELFFGEGSRLTVLED	3.656282054408857	28.68741817499743	0.027769696461043162	-0.03807007017164908	False	0.13887800886616805	-0.0020143879422712466	False	0.0	GSHSMRYFFTSVSRPGRGEPRFIAVGYVDDTQFVRFDSDAASQRMEPRAPWIEQEGPEYWDGETRKVKAHSQTHRVDLGTLRGYYNQSEAGSHTVQRMYGCDVGSDWRFLRGYHQYAYDGKDYIALKEDLRSWTAADMAAQTTKHKWEAAHVAEQLRAYLEGTCVEWLRRYLENG
human	1	A*02:01	GLYDGMEHL	TRAV12-2*02	TRAJ5*01	CAVRGTGRRALTF	TRBV6-6*02	TRBJ1-1*01	CASSFATEAFF	7qpj	pdb/new_ternary_2023-06-02/7qpj_mh1_orient.pdb	GSHSMRYFFTSVSRPGRGEPRFIAVGYVDDTQFVRFDSDAASQRMEPRAPWIEQEGPEYWDGETRKVKAHSQTHRVDLGTLRGYYNQSEAGSHTVQRMYGCDVGSDWRFLRGYHQYAYDGKDYIALKEDLRSWTAADMAAQTTKHKWEAAHVAEQLRAYLEGTCVEWLRRYLENGKETLQR/GLYDGMEHL/KEVEQNSGPLSVPEGAIASLNCTYSDRGSSSFFWYRQYSGKSPELIMSIYANGDKEDGRFTAQLNKASQYVSLLIRDSQPSDSATYLCAVRGTGRRALTFGSGTRLQVQPN/AGVTQTPKFRILKIGQSMTLQCAQDMNHNYMYWYRQDPGMGLKLIYYSVGAGITDKGEVPNGYNVSRSTTEDFPLRLELAAPSQTSVYFCASSFATEAFFGQGTRLTVVED	3.355567177636876	29.64162375262364	-0.039980037394027834	0.1974625769765337	False	0.05050305178505722	-0.06673718771133172	False	0.0	GSHSMRYFFTSVSRPGRGEPRFIAVGYVDDTQFVRFDSDAASQRMEPRAPWIEQEGPEYWDGETRKVKAHSQTHRVDLGTLRGYYNQSEAGSHTVQRMYGCDVGSDWRFLRGYHQYAYDGKDYIALKEDLRSWTAADMAAQTTKHKWEAAHVAEQLRAYLEGTCVEWLRRYLENG
human	1	A*02:01	YMDGTMSQV	TRAV4*01	TRAJ42*01	CLVALNYGGSQGNLIF	TRBV10-3*01	TRBJ1-3*01	CAISPTEEGGLIFPGNTIYF	7rk7	pdb/new_ternary_2023-06-02/7rk7_mh1_orient.pdb	GSHSMRYFFTSVSRPGRGEPRFIAVGYVDDTQFVRFDSDAASQRMEPRAPWIEQEGPEYWDGETRKVKAHSQTHRVDLGTLRGYYNQSEAGSHTVQRMYGCDVGSDWRFLRGYHQYAYDGKDYIALKEDLRSWTAADMAAQTTKHKWEAAHVAEQLRAYLEGTCVEWLRRYLENGKETLQR/YMDGTMSQV/LAKTTQPISMDSYEGQEVNITCSHNNIATNDYITWYQQFPSQGPRFIIQGYKTKVTNEVASLFIPADRKSSTLSLPRVSLSDTAVYYCLVALNYGGSQGNLIFGKGTKLSVKPN/GITQSPRHKVTETGTPVTLRCHQTENHRYMYWYRQDPGHGLRLIHYSYGVKDTDKGEVSDGYSVSRSKTEDFLLTLESATSSQTSVYFCAISPTEEGGLIFPGNTIYFGEGSWLTVVED	4.17618297635385	32.21239915772034	-0.2560087670455215	0.10671604946058932	False	0.00310430395901086	-0.04927015702661775	False	0.0	GSHSMRYFFTSVSRPGRGEPRFIAVGYVDDTQFVRFDSDAASQRMEPRAPWIEQEGPEYWDGETRKVKAHSQTHRVDLGTLRGYYNQSEAGSHTVQRMYGCDVGSDWRFLRGYHQYAYDGKDYIALKEDLRSWTAADMAAQTTKHKWEAAHVAEQLRAYLEGTCVEWLRRYLENG
human	1	A*02:01	HMTEVVRHC	TRAV6*01	TRAJ43*01	CALDIYPHDMRF	TRBV11-2*01	TRBJ2-2*01	CASSLDPGDTGELFF	7rm4	pdb/new_ternary_2023-06-02/7rm4_mh1_orient.pdb	GSHSMRYFFTSVSRPGRGEPRFIAVGYVDDTQFVRFDSDAASQRMEPRAPWIEQEGPEYWDGETRKVKAHSQTHRVDLGTLRGYYNQSEAGSHTVQRMYGCDVGSDWRFLRGYHQYAYDGKDYIALKEDLRSWTAADMAAQTTKHKWEAAHVAEQLRAYLEGTCVEWLRRYLENGKETLQR/HMTEVVRHC/KIEQNSEALNIQEGKTATLTCNYTNYSPAYLQWYRQDPGRGPVFLLLIRENEKEKRKERLKVTFDTTLKQSLFHITASQPADSATYLCALDIYPHDMRFGAGTRLTVKPN/AGVAQSPRYKIIEKRQSVAFWCNPISGHATLYWYQQILGQGPKLLIQFQNNGVVDDSQLPKDRFSAERLKGVDSTLKIQPAKLEDSAVYLCASSLDPGDTGELFFGEGSRLTVLED	3.3316765006286437	31.711490811423364	-0.3244235675306469	0.1974948905307036	False	0.3982239241977521	0.03176510117717443	False	0.0	GSHSMRYFFTSVSRPGRGEPRFIAVGYVDDTQFVRFDSDAASQRMEPRAPWIEQEGPEYWDGETRKVKAHSQTHRVDLGTLRGYYNQSEAGSHTVQRMYGCDVGSDWRFLRGYHQYAYDGKDYIALKEDLRSWTAADMAAQTTKHKWEAAHVAEQLRAYLEGTCVEWLRRYLENG
human	1	A*02:01	YLQPRTFLL	TRAV12-2*01	TRAJ30*01	CAVNRDDKIIF	TRBV7-9*01	TRBJ2-7*01	CASSPDIEQYF	7rtr	pdb/new_ternary_2023-06-02/7rtr_mh1_orient.pdb	GSHSMRYFFTSVSRPGRGEPRFIAVGYVDDTQFVRFDSDAASQRMEPRAPWIEQEGPEYWDGETRKVKAHSQTHRVDLGTLRGYYNQSEAGSHTVQRMYGCDVGSDWRFLRGYHQYAYDGKDYIALKEDLRSWTAADMAAQTTKHKWEAAHVAEQLRAYLEGTCVEWLRRYLENGKETLQR/YLQPRTFLL/EVEQNSGPLSVPEGAIASLNCTYSDRGSQSFFWYRQYSGKSPELIMFIYSNGDKEDGRFTAQLNKASQYVSLLIRDSQPSDSATYLCAVNRDDKIIFGKGTRLHILPN/GVSQNPRHKITKRGQNVTFRCDPISEHNRLYWYRQTLGQGPEFLTYFQNEAQLEKSRLLSDRFSAERPKGSFSTLEIQRTEQGDSAMYLCASSPDIEQYFGPGTRLTVTED	3.5390162964561456	29.633507738706587	-0.010178276910771429	0.1978352024039816	False	0.1985078976564789	-0.013424145091367494	False	0.0	GSHSMRYFFTSVSRPGRGEPRFIAVGYVDDTQFVRFDSDAASQRMEPRAPWIEQEGPEYWDGETRKVKAHSQTHRVDLGTLRGYYNQSEAGSHTVQRMYGCDVGSDWRFLRGYHQYAYDGKDYIALKEDLRSWTAADMAAQTTKHKWEAAHVAEQLRAYLEGTCVEWLRRYLENG
human	1	A*02:01	GVYDGREHTV	TRAV14/DV4*01	TRAJ6*01	CAMRGGGSGGSYIPTF	TRBV28*01	TRBJ1-6*01	CASSFTGPYNSPLHF	8es8	pdb/new_ternary_2023-06-02/8es8_mh1_orient.pdb	GSHSMRYFFTSVSRPGRGEPRFIAVGYVDDTQFVRFDSDAASQRMEPRAPWIEQEGPEYWDGETRKVKAHSQTHRVDLGTLRGYYNQSEAGSHTVQRMYGCDVGSDWRFLRGYHQYAYDGKDYIALKEDLRSWTAADMAAQTTKHKWEAAHVAEQLRAYLEGTCVEWLRRYLENGKETLQR/GVYDGREHTV/QKITQTQPGMFVQEKEAVTLDCTYDTSDPSYGLFWYKQPSSGEMIFLIYQGSYDQQNATEGRYSLNFQKARKSANLVISASQLGDSAMYFCAMRGGGSGGSYIPTFGRGTSLIVHPN/KVTQSSRYLVKRTGEKVFLECVQDMDHENMFWYRQDPGLGLRLIYFSYDVKMKEKGDIPEGYSVSREKKERFSLILESASTNQTSMYLCASSFTGPYNSPLHFGNGTRLTVTED	3.5464825410666845	33.45387159352642	0.19855331588724975	0.03916120203541544	False	0.010848512964952027	0.015106479961680332	False	0.0	GSHSMRYFFTSVSRPGRGEPRFIAVGYVDDTQFVRFDSDAASQRMEPRAPWIEQEGPEYWDGETRKVKAHSQTHRVDLGTLRGYYNQSEAGSHTVQRMYGCDVGSDWRFLRGYHQYAYDGKDYIALKEDLRSWTAADMAAQTTKHKWEAAHVAEQLRAYLEGTCVEWLRRYLENG
human	1	A*02:01	GVYDGREHTV	TRAV20*01	TRAJ38*01	CAVQPLNAGNNRKLIW	TRBV20-1*01	TRBJ1-1*01	CSAREWGGTEAFF	8es9	pdb/new_ternary_2023-06-02/8es9_mh1_orient.pdb	GSHSMRYFFTSVSRPGRGEPRFIAVGYVDDTQFVRFDSDAASQRMEPRAPWIEQEGPEYWDGETRKVKAHSQTHRVDLGTLRGYYNQSEAGSHTVQRMYGCDVGSDWRFLRGYHQYAYDGKDYIALKEDLRSWTAADMAAQTTKHKWEAAHVAEQLRAYLEGTCVEWLRRYLENGKETLQR/GVYDGREHTV/DQVTQSPEALRLQEGESSSLNCSYTVSGLRGLFWYRQDPGKGPEFLFTLYSAGEEKEKERLKATLTKKESFLHITAPKPEDSATYLCAVQPLNAGNNRKLIWGLGTSLAVNPN/VVSQHPSWVICKSGTSVKIECRSLDFQATTMFWYRQFPKQSLMLMATSNEGSKATYEQGVEKDKFLINHASLTLSTLTVTSAHPEDSSFYICSAREWGGTEAFFGQGTRLTVVED	4.3908835694728925	32.52138379335998	0.3112395148770685	0.09490513915074177	False	-0.2366700140601953	-0.11693414549467092	False	0.0	GSHSMRYFFTSVSRPGRGEPRFIAVGYVDDTQFVRFDSDAASQRMEPRAPWIEQEGPEYWDGETRKVKAHSQTHRVDLGTLRGYYNQSEAGSHTVQRMYGCDVGSDWRFLRGYHQYAYDGKDYIALKEDLRSWTAADMAAQTTKHKWEAAHVAEQLRAYLEGTCVEWLRRYLENG
human	1	A*02:01	RLQSLQTYV	TRAV38-2/DV8*01	TRAJ29*01	CASSGNTPLVF	TRBV12-3*01	TRBJ2-3*01	CASTWGRASTDTQYF	8gom	pdb/new_ternary_2023-06-02/8gom_mh1_orient.pdb	GSHSMRYFFTSVSRPGRGEPRFIAVGYVDDTQFVRFDSDAASQRMEPRAPWIEQEGPEYWDGETRKVKAHSQTHRVDLGTLRGYYNQSEAGSHTVQRMYGCDVGSDWRFLRGYHQYAYDGKDYIALKEDLRSWTAADMAAQTTKHKWEAAHVAEQLRAYLEGTCVEWLRRYLENGKETLQR/RLQSLQTYV/AQTVTQSQPEMSVQEAETVTLSCTYDTSESDYYLFWYKQPPSRQMILVIRQEAYKQQNATENRFSVNFQKAAKSFSLKISDSQLGDAAMYFCASSGNTPLVFGKGTRLSVIPN/AGVIQSPRHEVTEMGQEVTLRCKPISGHNSLFWYRQTMMRGLELLIYFNNNVPIDDSGMPEDRFSAKMPNASFSTLKIQPSEPRDSAVYFCASTWGRASTDTQYFGPGTRLTVLED	3.4330917043411158	29.659230422879997	-0.11451076961048262	0.07546674394202915	False	0.3357038103506979	0.10474194848340468	False	0.0	GSHSMRYFFTSVSRPGRGEPRFIAVGYVDDTQFVRFDSDAASQRMEPRAPWIEQEGPEYWDGETRKVKAHSQTHRVDLGTLRGYYNQSEAGSHTVQRMYGCDVGSDWRFLRGYHQYAYDGKDYIALKEDLRSWTAADMAAQTTKHKWEAAHVAEQLRAYLEGTCVEWLRRYLENG
human	1	A*02:01	RLQSLQIYV	TRAV38-2/DV8*01	TRAJ29*01	CASSGNTPLVF	TRBV12-3*01	TRBJ2-3*01	CASTWGRASTDTQYF	8gon	pdb/new_ternary_2023-06-02/8gon_mh1_orient.pdb	GSHSMRYFFTSVSRPGRGEPRFIAVGYVDDTQFVRFDSDAASQRMEPRAPWIEQEGPEYWDGETRKVKAHSQTHRVDLGTLRGYYNQSEAGSHTVQRMYGCDVGSDWRFLRGYHQYAYDGKDYIALKEDLRSWTAADMAAQTTKHKWEAAHVAEQLRAYLEGTCVEWLRRYLENGKETLQR/RLQSLQIYV/AQTVTQSQPEMSVQEAETVTLSCTYDTSESDYYLFWYKQPPSRQMILVIRQEAYKQQNATENRFSVNFQKAAKSFSLKISDSQLGDAAMYFCASSGNTPLVFGKGTRLSVIPN/DAGVIQSPRHEVTEMGQEVTLRCKPISGHNSLFWYRQTMMRGLELLIYFNNNVPIDDSGMPEDRFSAKMPNASFSTLKIQPSEPRDSAVYFCASTWGRASTDTQYFGPGTRLTVLED	3.4018875639523927	29.84553551057183	-0.09636478071065027	0.10835577607875813	False	0.3420541437902117	0.09902768033290796	False	0.0	GSHSMRYFFTSVSRPGRGEPRFIAVGYVDDTQFVRFDSDAASQRMEPRAPWIEQEGPEYWDGETRKVKAHSQTHRVDLGTLRGYYNQSEAGSHTVQRMYGCDVGSDWRFLRGYHQYAYDGKDYIALKEDLRSWTAADMAAQTTKHKWEAAHVAEQLRAYLEGTCVEWLRRYLENG
human	1	A*02:06	KQWLVWLFL	TRAV38-2/DV8*01	TRAJ33*01	CAFMDSNYQLIW	TRBV12-3*01	TRBJ2-3*01	CASSRTSPTDTQYF	6p64	pdb/new_ternary_2023-06-02/6p64_mh1_orient.pdb	GSHSMRYFYTSVSRPGRGEPRFIAVGYVDDTQFVRFDSDAASQRMEPRAPWIEQEGPEYWDGETRKVKAHSQTHRVDLGTLRGYYNQSEAGSHTVQRMYGCDVGSDWRFLRGYHQYAYDGKDYIALKEDLRSWTAADMAAQTTKHKWEAAHVAEQLRAYLEGTCVEWLRRYLENGKETLQR/KQWLVWLFL/TVTQSQPEMSVQEAETVTLSCTYDTSESDYYLFWYKQPPSRQMILVIRQEAYKNRFSVNFQKAAKSFSLKISDSQLGDAAMYFCAFMDSNYQLIWGAGTKLIIKPN/MDAGVIQSPRHEVTEMGQEVTLRCKPISGHNSLFWYRQTMMRGLELLIYFNNNVPIDDSGMPEDRFSAKMPNASFSTLKIQPSEPRDSAVYFCASSRTSPTDTQYFGPGTRLTVLED	3.4535712521471416	31.21456342231607	-0.120422034166715	0.045283259444686974	False	0.1618269605392584	0.06637262860701429	False	0.0	GSHSMRYFYTSVSRPGRGEPRFIAVGYVDDTQFVRFDSDAASQRMEPRAPWIEQEGPEYWDGETRKVKAHSQTHRVDLGTLRGYYNQSEAGSHTVQRMYGCDVGSDWRFLRGYHQYAYDGKDYIALKEDLRSWTAADMAAQTTKHKWEAAHVAEQLRAYLEGTCVEWLRRYLENG
human	1	A*02:06	KQWLVWLLL	TRAV38-2/DV8*01	TRAJ33*01	CAFMDSNYQLIW	TRBV12-3*01	TRBJ2-3*01	CASSRTSPTDTQYF	6uk2	pdb/new_ternary_2023-06-02/6uk2_mh1_orient.pdb	GSHSMRYFYTSVSRPGRGEPRFIAVGYVDDTQFVRFDSDAASQRMEPRAPWIEQEGPEYWDGETRKVKAHSQTHRVDLGTLRGYYNQSEAGSHTVQRMYGCDVGSDWRFLRGYHQYAYDGKDYIALKEDLRSWTAADMAAQTTKHKWEAAHVAEQLRAYLEGTCVEWLRRYLENGKETLQR/KQWLVWLLL/QTVTQSQPEMSVQEAETVTLSCTYDTSESDYYLFWYKQPPSRQMILVIRQEAYKQQNATENRFSVNFQKAAKSFSLKISDSQLGDAAMYFCAFMDSNYQLIWGAGTKLIIKPN/DAGVIQSPRHEVTEMGQEVTLRCKPISGHNSLFWYRQTMMRGLELLIYFNNNVPIDDSGMPEDRFSAKMPNASFSTLKIQPSEPRDSAVYFCASSRTSPTDTQYFGPGTRLTVLED	3.26544012491496	31.16694066615047	-0.048308072667912434	0.09912658104721084	False	0.1031651020279552	0.04666041356134665	False	0.0	GSHSMRYFYTSVSRPGRGEPRFIAVGYVDDTQFVRFDSDAASQRMEPRAPWIEQEGPEYWDGETRKVKAHSQTHRVDLGTLRGYYNQSEAGSHTVQRMYGCDVGSDWRFLRGYHQYAYDGKDYIALKEDLRSWTAADMAAQTTKHKWEAAHVAEQLRAYLEGTCVEWLRRYLENG
human	1	A*02:06	KQWLVWLFL	TRAV38-2/DV8*01	TRAJ33*01	CAFMDSNYQLIW	TRBV12-3*01	TRBJ2-3*01	CASSRTSPTDTQYF	6uk4	pdb/new_ternary_2023-06-02/6uk4_mh1_orient.pdb	GSHSMRYFYTSVSRPGRGEPRFIAVGYVDDTQFVRFDSDAASQRMEPRAPWIEQEGPEYWDGETRKVKAHSQTHRVDLGTLRGYYNQSEAGSHTVQRMYGCDVGSDWRFLRGYHQYAYDGKDYIALKEDLRSWTAADMAAQTTKHKWEAAHVAEQLRAYLEGTCVEWLRRYLENGKETLQR/KQWLVWLFL/QTVTQSQPEMSVQEAETVTLSCTYDTSESDYYLFWYKQPPSRQMILVIRQEAYKQQNATENRFSVNFQKAAKSFSLKISDSQLGDAAMYFCAFMDSNYQLIWGAGTKLIIKPN/DAGVIQSPRHEVTEMGQEVTLRCKPISGHNSLFWYRQTMMRGLELLIYFNNNVPIDDSGMPEDRFSAKMPNASFSTLKIQPSEPRDSAVYFCASSRTSPTDTQYFGPGTRLTVLED	3.2713585857744163	31.173230064952307	-0.042733767660844565	0.07647059909948821	False	0.09947467062306097	0.0407422333894162	False	0.0	GSHSMRYFYTSVSRPGRGEPRFIAVGYVDDTQFVRFDSDAASQRMEPRAPWIEQEGPEYWDGETRKVKAHSQTHRVDLGTLRGYYNQSEAGSHTVQRMYGCDVGSDWRFLRGYHQYAYDGKDYIALKEDLRSWTAADMAAQTTKHKWEAAHVAEQLRAYLEGTCVEWLRRYLENG
human	1	A*03:01	ALHGGWTTK	TRAV12-2*02	TRAJ44*01	CAGNTGTASKLTF	TRBV9*01	TRBJ2-6*01	CASSGLAGGPVSGANVLTF	7l1d	pdb/new_ternary_2023-06-02/7l1d_mh1_orient.pdb	GSHSMRYFFTSVSRPGRGEPRFIAVGYVDDTQFVRFDSDAASQRMEPRAPWIEQEGPEYWDQETRNVKAQSQTDRVDLGTLRGYYNQSEAGSHTIQIMYGCDVGSDGRFLRGYRQDAYDGKDYIALNEDLRSWTAADMAAQITKRKWEAAHEAEQLRAYLDGTCVEWLRRYLENGKETLQR/ALHGGWTTK/NSGPLSVPEGAIASLNCTYSDRGSQSFFWYRQYSGKSPELIMSIYSNGDKEDGRFTAQLNKASQYVSLLIRDSQPSDSATYLCAGNTGTASKLTFGTGTRLQVTLN/SGVTQTPKHLITATGQRVTLRCSPRSGDLSVYWYQQSLDQGLQFLIQYYNGEERAKGNILERFSAQQFPDLHSELNLSSLELGDSALYFCASSGLAGGPVSGANVLTFGAGSRLTVLED	3.7022977837122255	29.331243286526377	0.046134074508265184	0.09860828477260906	False	0.1123070099278024	0.03855520140855806	False	0.0	GSHSMRYFFTSVSRPGRGEPRFIAVGYVDDTQFVRFDSDAASQRMEPRAPWIEQEGPEYWDQETRNVKAQSQTDRVDLGTLRGYYNQSEAGSHTIQIMYGCDVGSDGRFLRGYRQDAYDGKDYIALNEDLRSWTAADMAAQITKRKWEAAHEAEQLRAYLDGTCVEWLRRYLENG
human	1	A*03:01	ALHGGWTTK	TRAV4*01	TRAJ9*01	CLVGGAYTGGFKTIF	TRBV11-2*01	TRBJ2-7*01	CASSLVAETYEQYF	7rrg	pdb/new_ternary_2023-06-02/7rrg_mh1_orient.pdb	GSHSMRYFFTSVSRPGRGEPRFIAVGYVDDTQFVRFDSDAASQRMEPRAPWIEQEGPEYWDQETRNVKAQSQTDRVDLGTLRGYYNQSEAGSHTIQIMYGCDVGSDGRFLRGYRQDAYDGKDYIALNEDLRSWTAADMAAQITKRKWEAAHEAEQLRAYLDGTCVEWLRRYLENGKETLQR/ALHGGWTTK/AKTTQPISMDSYEGQEVNITCSHNNIATNDYITWYQQFPSQGPRFIIQGYKTKVTNEVASLFIPADRKSSTLSLPRVSLSDTAVYYCLVGGAYTGGFKTIFGAGTRLFVKAN/AGVAQSPRYKIIEKRQSVAFWCNPISGHATLYWYQQILGQGPKLLIQFQNNGVVDDSQLPKDRFSAERLKGVDSTLKIQPAKLEDSAVYLCASSLVAETYEQYFGPGTRLTVTED	4.073016164261556	30.149698684074217	-0.1171173594509726	0.00799347409829799	False	-0.07892083529179485	-0.03673049980299308	False	0.0	GSHSMRYFFTSVSRPGRGEPRFIAVGYVDDTQFVRFDSDAASQRMEPRAPWIEQEGPEYWDQETRNVKAQSQTDRVDLGTLRGYYNQSEAGSHTIQIMYGCDVGSDGRFLRGYRQDAYDGKDYIALNEDLRSWTAADMAAQITKRKWEAAHEAEQLRAYLDGTCVEWLRRYLENG
human	1	A*11:01	VVVGADGVGK	TRAV19*01	TRAJ28*01	CAMSVPSGDGSYQFTF	TRBV6-3*01	TRBJ1-6*01	CASKVGPGQHNSPLHF	7ow6	pdb/new_ternary_2023-06-02/7ow6_mh1_orient.pdb	GSHSMRYFYTSVSRPGRGEPRFIAVGYVDDTQFVRFDSDAASQRMEPRAPWIEQEGPEYWDQETRNVKAQSQTDRVDLGTLRGYYNQSEDGSHTIQIMYGCDVGPDGRFLRGYRQDAYDGKDYIALNEDLRSWTAADMAAQITKRKWEAAHAAEQQRAYLEGRCVEWLRRYLENGKETLQR/VVVGADGVGK/AQKVTQAQTEISVVEKEDVTLDCVYETRDTAYYLFWYKQPPSGELVFLIRQPWWGEQNEISGRYSWNFQKSTSSFNFTITASQVVDSAVYFCAMSVPSGDGSYQFTFGKGTKLSVIPN/MNAGVTQTPKFRVLKTGQSMTLLCAQDMNHEYMYWYRQDPGMGLRLIHYSVGEGTTAKGEVPDGYNVSRLKKQNFLLGLESAAPSQTSVYFCASKVGPGQHNSPLHFGNGTRLTVTED	3.610328101443165	32.93559820856041	-0.23759213606934765	0.046315068908770136	False	0.02852028010936793	-0.16688694801504966	False	0.0	GSHSMRYFYTSVSRPGRGEPRFIAVGYVDDTQFVRFDSDAASQRMEPRAPWIEQEGPEYWDQETRNVKAQSQTDRVDLGTLRGYYNQSEDGSHTIQIMYGCDVGPDGRFLRGYRQDAYDGKDYIALNEDLRSWTAADMAAQITKRKWEAAHAAEQQRAYLEGRCVEWLRRYLENG
human	1	A*11:01	VVVGAGGVGK	TRAV19*01	TRAJ28*01	CAMSVPSGDGSYQFTF	TRBV6-3*01	TRBJ1-6*01	CASKVGPGQHNSPLHF	7ow5	pdb/new_ternary_2023-06-02/7ow5_mh1_orient.pdb	SHSMRYFYTSVSRPGRGEPRFIAVGYVDDTQFVRFDSDAASQRMEPRAPWIEQEGPEYWDQETRNVKAQSQTDRVDLGTLRGYYNQSEDGSHTIQIMYGCDVGPDGRFLRGYRQDAYDGKDYIALNEDLRSWTAADMAAQITKRKWEAAHAAEQQRAYLEGRCVEWLRRYLENGKETLQRT/VVVGAGGVGK/AQKVTQAQTEISVVEKEDVTLDCVYETRDTAYYLFWYKQPPSGELVFLIRQPWWGEQNEISGRYSWNFQKSTSSFNFTITASQVVDSAVYFCAMSVPSGDGSYQFTFGKGTKLSVIPN/MNAGVTQTPKFRVLKTGQSMTLLCAQDMNHEYMYWYRQDPGMGLRLIHYSVGEGTTAKGEVPDGYNVSRLKKQNFLLGLESAAPSQTSVYFCASKVGPGQHNSPLHFGNGTRLTVTED	3.6285682134035424	33.26125927395896	-0.2305774695173309	0.03800075890812493	False	0.016175532065748253	-0.17670687289795856	False	0.0	.SHSMRYFYTSVSRPGRGEPRFIAVGYVDDTQFVRFDSDAASQRMEPRAPWIEQEGPEYWDQETRNVKAQSQTDRVDLGTLRGYYNQSEDGSHTIQIMYGCDVGPDGRFLRGYRQDAYDGKDYIALNEDLRSWTAADMAAQITKRKWEAAHAAEQQRAYLEGRCVEWLRRYLENG
human	1	A*11:01	VVVGADGVGK	TRAV19*01	TRAJ28*01	CALSGPSGAGSYQLTF	TRBV6-3*01	TRBJ1-6*01	CASSYGPGQHNSPLHF	7pb2	pdb/new_ternary_2023-06-02/7pb2_mh1_orient.pdb	SHSMRYFYTSVSRPGRGEPRFIAVGYVDDTQFVRFDSDAASQRMEPRAPWIEQEGPEYWDQETRNVKAQSQTDRVDLGTLRGYYNQSEDGSHTIQIMYGCDVGPDGRFLRGYRQDAYDGKDYIALNEDLRSWTAADMAAQITKRKWEAAHAAEQQRAYLEGRCVEWLRRYLENGKETLQRT/VVVGADGVGK/QKVTQAQTEISVVEKEDVTLDCVYETRDTTYYLFWYKQPPSGELVFLIRRNSFDEQNEISGRYSWNFQKSTSSFNFTITASQVVDSAVYFCALSGPSGAGSYQLTFGKGTKLSVIPN/NAGVTQTPKFRVLKTGQSMTLLCAQDMNHEYMYWYRQDPGMGLRLIHYSVGEGTTAKGEVPDGYNVSRLKKQNFLLGLESAAPSQTSVYFCASSYGPGQHNSPLHFGNGTRLTVTED	3.5278810388163118	32.994698179698936	-0.2558727882095877	0.07333858631831393	False	0.03270275955898322	-0.1587065383735586	False	0.0	.SHSMRYFYTSVSRPGRGEPRFIAVGYVDDTQFVRFDSDAASQRMEPRAPWIEQEGPEYWDQETRNVKAQSQTDRVDLGTLRGYYNQSEDGSHTIQIMYGCDVGPDGRFLRGYRQDAYDGKDYIALNEDLRSWTAADMAAQITKRKWEAAHAAEQQRAYLEGRCVEWLRRYLENG
human	1	A*24:02	QLPRLFPLL	TRAV5*01	TRAJ37*01	CAEPSGNTGKLIF	TRBV7-9*03	TRBJ2-7*01	CASSLHHEQYF	7nme	pdb/new_ternary_2023-06-02/7nme_mh1_orient.pdb	GSHSMRYFSTSVSRPGRGEPRFIAVGYVDDTQFVRFDSDAASQRMEPRAPWIEQEGPEYWDEETGKVKAHSQTDRENLRIALRYYNQSEAGSHTLQMMFGCDVGSDGRFLRGYHQYAYDGKDYIALKEDLRSWTAADMAAQITKRKWEAAHVAEQQRAYLEGTCVDGLRRYLENGKETLQR/QLPRLFPLL/EDVEQSLFLSVREGDSSVINCTYTDSSSTYLYWYKQEPGAGLQLLTYIFSNMDMKQDQRLTVLLNKKDKHLSLRIADTQTGDSAIYFCAEPSGNTGKLIFGQGTTLQVKPI/TGVSQDPRHKITKRGQNVTFRCDPISEHNRLYWYRQTLGQGPEFLTYFQNEAQLEKSRLLSDRFSAERPKGSFSTLEIQRTEQGDSAMYLCASSLHHEQYFGPGTRLTVTED	3.3916021506070626	29.875543824704994	0.0033816061577237955	0.26672032938833234	False	0.14595968957202984	0.02552512297930599	False	0.0	GSHSMRYFSTSVSRPGRGEPRFIAVGYVDDTQFVRFDSDAASQRMEPRAPWIEQEGPEYWDEETGKVKAHSQTDRENLRIALRYYNQSEAGSHTLQMMFGCDVGSDGRFLRGYHQYAYDGKDYIALKEDLRSWTAADMAAQITKRKWEAAHVAEQQRAYLEGTCVDGLRRYLENG
human	1	A*24:02	QLPRLFPLL	TRAV5*01	TRAJ37*01	CAEPSGNTGKLIF	TRBV7-9*03	TRBJ2-7*01	CASSLHHEQYF	7nmf	pdb/new_ternary_2023-06-02/7nmf_mh1_orient.pdb	GSHSMRYFSTSVSRPGRGEPRFIAVGYVDDTQFVRFDSDAASQRMEPRAPWIEQEGPEYWDEETGKVKAHSQTDRENLRIALRYYNQSEAGSHTLQMMFGCDVGSDGRFLRGYHQYAYDGKDYIALKEDLRSWTAADMAAQITKRKWEAAHVAEQQRAYLEGTCVDGLRRYLENGKETLQR/QLPRLFPLL/GEDVEQSLFLSVREGDSSVINCTYTDSSSTYLYWYKQEPGAGLQLLTYIFSNMDMKQDQRLTVLLNKKDKHLSLRIADTQTGDSAIYFCAEPSGNTGKLIFGQGTTLQVKPI/TGVSQDPRHKITKRGQNVTFRCDPISEHNRLYWYRQTLGQGPEFLTYFQNEAQLEKSRLLSDRFSAERPKGSFSTLEIQRTEQGDSAMYLCASSLHHEQYFGPGTRLTVTED	3.3805296398859497	29.992012862617358	-0.0010640019577487466	0.2542852386988396	False	0.1478267585236233	0.02091305218136824	False	0.0	GSHSMRYFSTSVSRPGRGEPRFIAVGYVDDTQFVRFDSDAASQRMEPRAPWIEQEGPEYWDEETGKVKAHSQTDRENLRIALRYYNQSEAGSHTLQMMFGCDVGSDGRFLRGYHQYAYDGKDYIALKEDLRSWTAADMAAQITKRKWEAAHVAEQQRAYLEGTCVDGLRRYLENG
human	1	A*24:02	LWMRLLPLL	TRAV5*01	TRAJ37*01	CAEPSGNTGKLIF	TRBV7-9*03	TRBJ2-7*01	CASSLHHEQYF	7nmg	pdb/new_ternary_2023-06-02/7nmg_mh1_orient.pdb	GSHSMRYFSTSVSRPGRGEPRFIAVGYVDDTQFVRFDSDAASQRMEPRAPWIEQEGPEYWDEETGKVKAHSQTDRENLRIALRYYNQSEAGSHTLQMMFGCDVGSDGRFLRGYHQYAYDGKDYIALKEDLRSWTAADMAAQITKRKWEAAHVAEQQRAYLEGTCVDGLRRYLENGKETLQR/LWMRLLPLL/GEDVEQSLFLSVREGDSSVINCTYTDSSSTYLYWYKQEPGAGLQLLTYIFSNMDMKQDQRLTVLLNKKDKHLSLRIADTQTGDSAIYFCAEPSGNTGKLIFGQGTTLQVKPI/TGVSQDPRHKITKRGQNVTFRCDPISEHNRLYWYRQTLGQGPEFLTYFQNEAQLEKSRLLSDRFSAERPKGSFSTLEIQRTEQGDSAMYLCASSLHHEQYFGPGTRLTVTED	3.379395345773978	29.65768362076901	0.00029541456760009353	0.2693136287902575	False	0.16130672496235726	0.024828430576249155	False	0.0	GSHSMRYFSTSVSRPGRGEPRFIAVGYVDDTQFVRFDSDAASQRMEPRAPWIEQEGPEYWDEETGKVKAHSQTDRENLRIALRYYNQSEAGSHTLQMMFGCDVGSDGRFLRGYHQYAYDGKDYIALKEDLRSWTAADMAAQITKRKWEAAHVAEQQRAYLEGTCVDGLRRYLENG
human	1	A*24:02	RYPLTFGW	TRAV8-3*01	TRAJ10*01	CAVGFTGGGNKLTF	TRBV7-9*03	TRBJ2-5*01	CASSDRDRVPETQYF	8gvb	pdb/new_ternary_2023-06-02/8gvb_mh1_orient.pdb	SHSMRYFSTSVSRPGRGEPRFIAVGYVDDTQFVRFDSDAASQRMEPRAPWIEQEGPEYWDEETGKVKAHSQTDRENLRIALRYYNQSEAGSHTLQMMFGCDVGSDGRFLRGYHQYAYDGKDYIALKEDLRSWTAADMAAQITKRKWEAAHVAEQQRAYLEGTCVDGLRRYLENGKETLQRT/RYPLTFGW/QSVTQPDIHITVSEGASLELRCNYSYGATPYLFWYVQSPGQGLQLLLKYFSGDTLVQGIKGFEAEFKRSQSSFNLRKPSVHWSDAAEYFCAVGFTGGGNKLTFGTGTQLKVELN/GVSQDPRHKITKRGQNVTFRCDPISEHNRLYWYRQTLGQGPEFLTYFQNEAQLEKSRLLSDRFSAERPKGSFSTLEIQRTEQGDSAMYLCASSDRDRVPETQYFGPGTRLLVLED	3.8422709317096855	29.947412024414028	0.07763765584133311	-0.03524978285944494	False	0.317568103982964	0.14025877017529018	False	0.0	.SHSMRYFSTSVSRPGRGEPRFIAVGYVDDTQFVRFDSDAASQRMEPRAPWIEQEGPEYWDEETGKVKAHSQTDRENLRIALRYYNQSEAGSHTLQMMFGCDVGSDGRFLRGYHQYAYDGKDYIALKEDLRSWTAADMAAQITKRKWEAAHVAEQQRAYLEGTCVDGLRRYLENG
human	1	A*24:02	RFPLTFGW	TRAV8-3*01	TRAJ10*01	CAVGFTGGGNKLTF	TRBV7-9*03	TRBJ2-5*01	CASSDRDRVPETQYF	8gvg	pdb/new_ternary_2023-06-02/8gvg_mh1_orient.pdb	GSHSMRYFSTSVSRPGRGEPRFIAVGYVDDTQFVRFDSDAASQRMEPRAPWIEQEGPEYWDEETGKVKAHSQTDRENLRIALRYYNQSEAGSHTLQMMFGCDVGSDGRFLRGYHQYAYDGKDYIALKEDLRSWTAADMAAQITKRKWEAAHVAEQQRAYLEGTCVDGLRRYLENGKETLQR/RFPLTFGW/QSVTQPDIHITVSEGASLELRCNYSYGATPYLFWYVQSPGQGLQLLLKYFSGDTLVQGIKGFEAEFKRSQSSFNLRKPSVHWSDAAEYFCAVGFTGGGNKLTFGTGTQLKVELN/GVSQDPRHKITKRGQNVTFRCDPISEHNRLYWYRQTLGQGPEFLTYFQNEAQLEKSRLLSDRFSAERPKGSFSTLEIQRTEQGDSAMYLCASSDRDRVPETQYFGPGTRLLVLED	3.820546316293017	30.108441157993788	0.06969127252517701	-0.041770638390327706	False	0.3309316432699909	0.13935555352758655	False	0.0	GSHSMRYFSTSVSRPGRGEPRFIAVGYVDDTQFVRFDSDAASQRMEPRAPWIEQEGPEYWDEETGKVKAHSQTDRENLRIALRYYNQSEAGSHTLQMMFGCDVGSDGRFLRGYHQYAYDGKDYIALKEDLRSWTAADMAAQITKRKWEAAHVAEQQRAYLEGTCVDGLRRYLENG
human	1	A*24:02	RYPLTFGW	TRAV8-3*02	TRAJ10*01	CAVVFTGGGNKLTF	TRBV7-9*03	TRBJ2-5*01	CASSLRDRVPETQYF	8gvi	pdb/new_ternary_2023-06-02/8gvi_mh1_orient.pdb	GSHSMRYFSTSVSRPGRGEPRFIAVGYVDDTQFVRFDSDAASQRMEPRAPWIEQEGPEYWDEETGKVKAHSQTDRENLRIALRYYNQSEAGSHTLQMMFGCDVGSDGRFLRGYHQYAYDGKDYIALKEDLRSWTAADMAAQITKRKWEAAHVAEQQRAYLEGTCVDGLRRYLENGKETLQR/RYPLTFGW/QSVTQPDIHITVSEGASLELRCNYSYGATPYLFWYVQSPGQGLQLLLKYFSGDTLVQGIKGFEAEFKRSQSSFNLRKPSVHWSDAAEYFCAVVFTGGGNKLTFGTGTQLKVELN/TGVSQDPRHKITKRGQNVTFRCDPISEHNRLYWYRQTLGQGPEFLTYFQNEAQLEKSRLLSDRFSAERPKGSFSTLEIQRTEQGDSAMYLCASSLRDRVPETQYFGPGTRLLVLED	3.8007007072586334	30.187136781597605	0.058683410340089275	-0.02716894209884897	False	0.33072920217736845	0.13057532367795946	False	0.0	GSHSMRYFSTSVSRPGRGEPRFIAVGYVDDTQFVRFDSDAASQRMEPRAPWIEQEGPEYWDEETGKVKAHSQTDRENLRIALRYYNQSEAGSHTLQMMFGCDVGSDGRFLRGYHQYAYDGKDYIALKEDLRSWTAADMAAQITKRKWEAAHVAEQQRAYLEGTCVDGLRRYLENG
human	1	B*27:05	TRLALIAPK	TRAV21*01	TRAJ58*01	CAVLSPVQETSGSRLTF	TRBV9*01	TRBJ2-3*01	CASSVGLFSTDTQYF	7n2n	pdb/new_ternary_2023-06-02/7n2n_mh1_orient.pdb	GSHSMRYFHTSVSRPGRGEPRFITVGYVDDTLFVRFDSDAASPREEPRAPWIEQEGPEYWDRETQISKAKAQTDREDLRTLLRYYNQSEAGSHTLQNMYGCDVGPDGRLLRGYHQDAYDGKDYIALNEDLSSWTAADTAAQITQRKWEAARVAEQLRAYLEGECVEWLRRYLENGKETLQR/TRLALIAPK/KQEVTQIPAALSVPEGENLVLNCSFTDSAIYNLQWFRQDPGKGLTSLLLIQSSQREQTSGRLNASLDKSSGRSTLYIAASQPGDSATYLCAVLSPVQETSGSRLTFGEGTQLTVNPD/GVTQTPKHLITATGQRVTLRCSPRSGDLSVYWYQQSLDQGLQFLIQYYNGEERAKGNILERFSAQQFPDLHSELNLSSLELGDSALYFCASSVGLFSTDTQYFGPGTRLTVLED	3.2119255863580705	31.12029933734423	-0.09300731713466193	0.15887718745636964	False	0.14497833496404267	-0.17526126334101158	False	0.0	GSHSMRYFHTSVSRPGRGEPRFITVGYVDDTLFVRFDSDAASPREEPRAPWIEQEGPEYWDRETQISKAKAQTDREDLRTLLRYYNQSEAGSHTLQNMYGCDVGPDGRLLRGYHQDAYDGKDYIALNEDLSSWTAADTAAQITQRKWEAARVAEQLRAYLEGECVEWLRRYLENG
human	1	B*27:05	LRVMMLAPF	TRAV21*01	TRAJ58*01	CAVLSPVQETSGSRLTF	TRBV9*01	TRBJ2-3*01	CASSVGLFSTDTQYF	7n2o	pdb/new_ternary_2023-06-02/7n2o_mh1_orient.pdb	GSHSMRYFHTSVSRPGRGEPRFITVGYVDDTLFVRFDSDAASPREEPRAPWIEQEGPEYWDRETQISKAKAQTDREDLRTLLRYYNQSEAGSHTLQNMYGCDVGPDGRLLRGYHQDAYDGKDYIALNEDLSSWTAADTAAQITQRKWEAARVAEQLRAYLEGECVEWLRRYLENGKETLQR/LRVMMLAPF/KQEVTQIPAALSVPEGENLVLNCSFTDSAIYNLQWFRQDPGKGLTSLLLIQSSQREQTSGRLNASLDKSSGRSTLYIAASQPGDSATYLCAVLSPVQETSGSRLTFGEGTQLTVNPD/GVTQTPKHLITATGQRVTLRCSPRSGDLSVYWYQQSLDQGLQFLIQYYNGEERAKGNILERFSAQQFPDLHSELNLSSLELGDSALYFCASSVGLFSTDTQYFGPGTRLTVLED	3.202764429277712	31.90148498203569	-0.06498280959799703	0.242481772869418	False	0.0726293846780289	-0.19826682409273666	False	0.0	GSHSMRYFHTSVSRPGRGEPRFITVGYVDDTLFVRFDSDAASPREEPRAPWIEQEGPEYWDRETQISKAKAQTDREDLRTLLRYYNQSEAGSHTLQNMYGCDVGPDGRLLRGYHQDAYDGKDYIALNEDLSSWTAADTAAQITQRKWEAARVAEQLRAYLEGECVEWLRRYLENG
human	1	B*27:05	GQVMVVAPR	TRAV21*01	TRAJ21*01	CAVSNFNKFYF	TRBV9*01	TRBJ2-3*01	CASSVATYSTDTQYF	7n2p	pdb/new_ternary_2023-06-02/7n2p_mh1_orient.pdb	GSHSMRYFHTSVSRPGRGEPRFITVGYVDDTLFVRFDSDAASPREEPRAPWIEQEGPEYWDRETQISKAKAQTDREDLRTLLRYYNQSEAGSHTLQNMYGCDVGPDGRLLRGYHQDAYDGKDYIALNEDLSSWTAADTAAQITQRKWEAARVAEQLRAYLEGECVEWLRRYLENGKETLQR/GQVMVVAPR/KQEVTQIPAALSVPEGENLVLNCSFTDSAIYNLQWFRQDPGKGLTSLLLIQSSQREQTSGRLNASLDKSSGRSTLYIAASQPGDSATYLCAVSNFNKFYFGSGTKLNVKPN/GVTQTPKHLITATGQRVTLRCSPRSGDLSVYWYQQSLDQGLQFLIQYYNGEERAKGNILERFSAQQFPDLHSELNLSSLELGDSALYFCASSVATYSTDTQYFGPGTRLTVLED	3.2496225927251	31.272579152342026	-0.06730662333415471	0.1831467479051071	False	0.1044094183454236	-0.171237229811001	False	0.0	GSHSMRYFHTSVSRPGRGEPRFITVGYVDDTLFVRFDSDAASPREEPRAPWIEQEGPEYWDRETQISKAKAQTDREDLRTLLRYYNQSEAGSHTLQNMYGCDVGPDGRLLRGYHQDAYDGKDYIALNEDLSSWTAADTAAQITQRKWEAARVAEQLRAYLEGECVEWLRRYLENG
human	1	B*27:05	LRVMMLAPF	TRAV21*01	TRAJ21*01	CAVSNFNKFYF	TRBV9*01	TRBJ2-3*01	CASSVATYSTDTQYF	7n2q	pdb/new_ternary_2023-06-02/7n2q_mh1_orient.pdb	GSHSMRYFHTSVSRPGRGEPRFITVGYVDDTLFVRFDSDAASPREEPRAPWIEQEGPEYWDRETQISKAKAQTDREDLRTLLRYYNQSEAGSHTLQNMYGCDVGPDGRLLRGYHQDAYDGKDYIALNEDLSSWTAADTAAQITQRKWEAARVAEQLRAYLEGECVEWLRRYLENGKETLQR/LRVMMLAPF/KQEVTQIPAALSVPEGENLVLNCSFTDSAIYNLQWFRQDPGKGLTSLLLIQSSQREQTSGRLNASLDKSSGRSTLYIAASQPGDSATYLCAVSNFNKFYFGSGTKLNVKPN/VTQTPKHLITATGQRVTLRCSPRSGDLSVYWYQQSLDQGLQFLIQYYNGEERAKGNILERFSAQQFPDLHSELNLSSLELGDSALYFCASSVATYSTDTQYFGPGTRLTVLED	3.2138757851460533	31.423326367157674	-0.04623489078969502	0.211316883322038	False	0.1021991750736962	-0.1753106655160657	False	0.0	GSHSMRYFHTSVSRPGRGEPRFITVGYVDDTLFVRFDSDAASPREEPRAPWIEQEGPEYWDRETQISKAKAQTDREDLRTLLRYYNQSEAGSHTLQNMYGCDVGPDGRLLRGYHQDAYDGKDYIALNEDLSSWTAADTAAQITQRKWEAARVAEQLRAYLEGECVEWLRRYLENG
human	1	B*27:05	TRLALIAPK	TRAV21*01	TRAJ21*01	CAVSNFNKFYF	TRBV9*01	TRBJ2-3*01	CASSVATYSTDTQYF	7n2r	pdb/new_ternary_2023-06-02/7n2r_mh1_orient.pdb	GSHSMRYFHTSVSRPGRGEPRFITVGYVDDTLFVRFDSDAASPREEPRAPWIEQEGPEYWDRETQISKAKAQTDREDLRTLLRYYNQSEAGSHTLQNMYGCDVGPDGRLLRGYHQDAYDGKDYIALNEDLSSWTAADTAAQITQRKWEAARVAEQLRAYLEGECVEWLRRYLENGKETLQR/TRLALIAPK/KQEVTQIPAALSVPEGENLVLNCSFTDSAIYNLQWFRQDPGKGLTSLLLIQSSQREQTSGRLNASLDKSSGRSTLYIAASQPGDSATYLCAVSNFNKFYFGSGTKLNVKPN/GVTQTPKHLITATGQRVTLRCSPRSGDLSVYWYQQSLDQGLQFLIQYYNGEERAKGNILERFSAQQFPDLHSELNLSSLELGDSALYFCASSVATYSTDTQYFGPGTRLTVLED	3.2453040428484705	31.159596804416555	-0.07663526247195092	0.1964000861082076	False	0.10805034187044384	-0.16965087875482596	False	0.0	GSHSMRYFHTSVSRPGRGEPRFITVGYVDDTLFVRFDSDAASPREEPRAPWIEQEGPEYWDRETQISKAKAQTDREDLRTLLRYYNQSEAGSHTLQNMYGCDVGPDGRLLRGYHQDAYDGKDYIALNEDLSSWTAADTAAQITQRKWEAARVAEQLRAYLEGECVEWLRRYLENG
human	1	B*27:05	TRLALIAPK	TRAV21*01	TRAJ28*01	CAVSLGTGAGSYQLTF	TRBV9*01	TRBJ2-3*01	CASSVGLYSTDTQYF	7n2s	pdb/new_ternary_2023-06-02/7n2s_mh1_orient.pdb	GSHSMRYFHTSVSRPGRGEPRFITVGYVDDTLFVRFDSDAASPREEPRAPWIEQEGPEYWDRETQISKAKAQTDREDLRTLLRYYNQSEAGSHTLQNMYGCDVGPDGRLLRGYHQDAYDGKDYIALNEDLSSWTAADTAAQITQRKWEAARVAEQLRAYLEGECVEWLRRYLENGKETLQR/TRLALIAPK/KQEVTQIPAALSVPEGENLVLNCSFTDSAIYNLQWFRQDPGKGLTSLLLIQSSQREQTSGRLNASLDKSSGRSTLYIAASQPGDSATYLCAVSLGTGAGSYQLTFGKGTKLSVIPY/GVTQTPKHLITATGQRVTLRCSPRSGDLSVYWYQQSLDQGLQFLIQYYNGEERAKGNILERFSAQQFPDLHSELNLSSLELGDSALYFCASSVGLYSTDTQYFGPGTRLTVLED	3.2163980455273182	30.992951296280648	-0.07597459297652907	0.15349081948765678	False	0.14485936148509113	-0.1630811230606734	False	0.0	GSHSMRYFHTSVSRPGRGEPRFITVGYVDDTLFVRFDSDAASPREEPRAPWIEQEGPEYWDRETQISKAKAQTDREDLRTLLRYYNQSEAGSHTLQNMYGCDVGPDGRLLRGYHQDAYDGKDYIALNEDLSSWTAADTAAQITQRKWEAARVAEQLRAYLEGECVEWLRRYLENG
human	1	B*27:05	LRVMMLAPF	TRAV21*01	TRAJ28*01	CAVNSPGSGAGSYQLTF	TRBV9*01	TRBJ2-3*01	CASSVGTYSTDTQYF	8cx4	pdb/new_ternary_2023-06-02/8cx4_mh1_orient.pdb	GSHSMRYFHTSVSRPGRGEPRFITVGYVDDTLFVRFDSDAASPREEPRAPWIEQEGPEYWDRETQISKAKAQTDREDLRTLLRYYNQSEAGSHTLQNMYGCDVGPDGRLLRGYHQDAYDGKDYIALNEDLSSWTAADTAAQITQRKWEAARVAEQLRAYLEGECVEWLRRYLENGKETLQR/LRVMMLAPF/KQEVTQIPAALSVPEGENLVLNCSFTDSAIYNLQWFRQDPGKGLTSLLLIQSSQREQTSGRLNASLDKSSGRSTLYIAASQPGDSATYLCAVNSPGSGAGSYQLTFGKGTKLSVIPN/SGVTQTPKHLITATGQRVTLRCSPRSGDLSVYWYQQSLDQGLQFLIQYYNGEERAKGNILERFSAQQFPDLHSELNLSSLELGDSALYFCASSVGTYSTDTQYFGPGTRLTVLED	3.204951573919891	31.434633784789067	-0.05792959872478446	0.2074386819829681	False	0.1449543646097046	-0.18075521318096305	False	0.0	GSHSMRYFHTSVSRPGRGEPRFITVGYVDDTLFVRFDSDAASPREEPRAPWIEQEGPEYWDRETQISKAKAQTDREDLRTLLRYYNQSEAGSHTLQNMYGCDVGPDGRLLRGYHQDAYDGKDYIALNEDLSSWTAADTAAQITQRKWEAARVAEQLRAYLEGECVEWLRRYLENG
human	1	B*35:01	EPLPQGQLTAY	TRAV1-2*01	TRAJ6*01	CAVQASGGSYIPTF	TRBV10-3*01	TRBJ1-5*01	CATGTGDSNQPQHF	2nx5	pdb/new_ternary_2023-06-02/2nx5_mh1_orient.pdb	GSHSMRYFYTAMSRPGRGEPRFIAVGYVDDTQFVRFDSDAASPRTEPRAPWIEQEGPEYWDRNTQIFKTNTQTYRESLRNLRGYYNQSEAGSHIIQRMYGCDLGPDGRLLRGHDQSAYDGKDYIALNEDLSSWTAADTAAQITQRKWEAARVAEQLRAYLEGLCVEWLRRYLENGKETLQR/EPLPQGQLTAY/QNIDQPTEMTATEGAIVQINCTYQTSGFNGLFWYQQHAGEAPTFLSYNVLDGLEEKGRFSSFLSRSKGYSYLLLKELQMKDSASYLCAVQASGGSYIPTFGRGTSLIVHPY/DAGITQSPRHKVTETGTPVTLRCHQTENHRYMYWYRQDPGHGLRLIHYSYGVKDTDKGEVSDGYSVSRSKTEDFLLTLESATSSQTSVYFCATGTGDSNQPQHFGDGTRLSILED	3.8347533763976553	30.59612435853441	0.13209177366857586	-0.017762893422169614	False	0.042587560777581586	-0.03503673627666082	False	0.0	GSHSMRYFYTAMSRPGRGEPRFIAVGYVDDTQFVRFDSDAASPRTEPRAPWIEQEGPEYWDRNTQIFKTNTQTYRESLRNLRGYYNQSEAGSHIIQRMYGCDLGPDGRLLRGHDQSAYDGKDYIALNEDLSSWTAADTAAQITQRKWEAARVAEQLRAYLEGLCVEWLRRYLENG
human	1	B*42:01	TPQDLNTML	TRAV26-1*01	TRAJ39*01	CIVRGLNNAGNMLTF	TRBV12-3*01	TRBJ1-3*01	CASSLGIDAIYF	7dzn	pdb/new_ternary_2023-06-02/7dzn_mh1_orient.pdb	GSHSMRYFYTSVSRPGRGEPRFISVGYVDDTQFVRFDSDAASPREEPRAPWIEQEGPEYWDRNTQIYKAQAQTDRESLRNLRGYYNQSEAGSHTLQSMYGCDVGPDGRLLRGHNQYAYDGKDYIALNEDLRSWTAADTAAQITQRKWEAARVAEQDRAYLEGTCVEWLRRYLENGKDTLER/TPQDLNTML/DAKTTQPPSMDCAEGRAANLPCNHSTISGNEYVYWYRQIHSQGPQYIIHGLKNNETNEMASLIITEDRKSSTLILPHATLRDTAVYYCIVRGLNNAGNMLTFGGGTRLMVKPD/AGVIQSPRHEVTEMGQEVTLRCKPISGHNSLFWYRQTMMRGLELLIYFNNNVPIDDSGMPEDRFSAKMPNASFSTLKIQPSEPRDSAVYFCASSLGIDAIYFGEGSWLTVVED	3.5230673019647587	31.713859434530395	0.025782807511658762	0.21145440409975447	False	0.1995386858758452	0.2329602000023253	False	0.0	GSHSMRYFYTSVSRPGRGEPRFISVGYVDDTQFVRFDSDAASPREEPRAPWIEQEGPEYWDRNTQIYKAQAQTDRESLRNLRGYYNQSEAGSHTLQSMYGCDVGPDGRLLRGHNQYAYDGKDYIALNEDLRSWTAADTAAQITQRKWEAARVAEQDRAYLEGTCVEWLRRYLENG
human	1	B*53:01	QASQEVKNW	TRAV21*01	TRAJ15*01	CAQLNQAGTALIF	TRBV6-5*01	TRBJ1-2*01	CASSYGTGINYGYTF	7r80	pdb/new_ternary_2023-06-02/7r80_mh1_orient.pdb	GSHSMRYFYTAMSRPGRGEPRFIAVGYVDDTQFVRFDSDAASPRTEPRAPWIEQEGPEYWDRNTQIFKTNTQTYRENLRIALRYYNQSEAGSHIIQRMYGCDLGPDGRLLRGHDQSAYDGKDYIALNEDLSSWTAADTAAQITQRKWEAARVAEQLRAYLEGLCVEWLRRYLENGKETLQR/QASQEVKNW/KQEVTQIPAALSVPEGENLVLNCSFTDSAIYNLQWFRQDPGKGLTSLLLIQSSQREQTSGRLNASLDKSSGRSTLYIAASQPGDSATYLCAQLNQAGTALIFGKGTTLSVSSN/NAGVTQTPKFQVLKTGQSMTLQCAQDMNHEYMSWYRQDPGMGLRLIHYSVGAGITDQGEVPNGYNVSRSTTEDFPLRLLSAAPSQTSVYFCASSYGTGINYGYTFGSGTRLTVVED	3.061004026502846	30.96451409949555	0.011293432779518015	0.012887802537569305	False	0.15414152136394502	0.15530140119101699	False	0.0	GSHSMRYFYTAMSRPGRGEPRFIAVGYVDDTQFVRFDSDAASPRTEPRAPWIEQEGPEYWDRNTQIFKTNTQTYRENLRIALRYYNQSEAGSHIIQRMYGCDLGPDGRLLRGHDQSAYDGKDYIALNEDLSSWTAADTAAQITQRKWEAARVAEQLRAYLEGLCVEWLRRYLENG
human	1	B*81:01	TPQDLNTML	TRAV26-1*01	TRAJ39*01	CIVRGLNNAGNMLTF	TRBV12-3*01	TRBJ1-3*01	CASSLGIDAIYF	7dzm	pdb/new_ternary_2023-06-02/7dzm_mh1_orient.pdb	GGSHSMRYFYTSVSRPGRGEPRFISVGYVDDTQFVRFDSDAASPREEPRAPWIEQEGPEYWDRNTQIYKAQAQTDRESLRNLRGYYNQSEAGSHTLQSMYGCDVGPDGRLLRGHNQYAYDGKDYIALNEDLRSWTAADTAAQISQRKLEAARVAEQLRAYLEGECVEWLRRYLENGKDKLE/TPQDLNTML/DAKTTQPPSMDCAEGRAANLPCNHSTISGNEYVYWYRQIHSQGPQYIIHGLKNNETNEMASLIITEDRKSSTLILPHATLRDTAVYYCIVRGLNNAGNMLTFGGGTRLMVKPD/AGVIQSPRHEVTEMGQEVTLRCKPISGHNSLFWYRQTMMRGLELLIYFNNNVPIDDSGMPEDRFSAKMPNASFSTLKIQPSEPRDSAVYFCASSLGIDAIYFGEGSWLTVVED	3.4933833720499705	31.66673129612293	0.01138617364508912	0.20278144234994466	False	0.18258323322488265	0.23170778885967155	False	0.0	GSHSMRYFYTSVSRPGRGEPRFISVGYVDDTQFVRFDSDAASPREEPRAPWIEQEGPEYWDRNTQIYKAQAQTDRESLRNLRGYYNQSEAGSHTLQSMYGCDVGPDGRLLRGHNQYAYDGKDYIALNEDLRSWTAADTAAQISQRKLEAARVAEQLRAYLEGECVEWLRRYLENG
human	1	C*05:01	GADGVGKSL	TRAV4*01	TRAJ15*01	CLVGDMDQAGTALIF	TRBV5-6*01	TRBJ1-2*01	CASSLGEGRVDGYTF	7su9	pdb/new_ternary_2023-06-02/7su9_mh1_orient.pdb	SHSMRYFYTAVSRPGRGEPRFIAVGYVDDTQFVQFDSDAASPRGEPRAPWVEQEGPEYWDRETQKYKRQAQTDRVNLRKLRGYYNQSEAGSHTLQRMYGCDLGPDGRLLRGYNQFAYDGKDYIALNEDLRSWTAADKAAQITQRKWEAAREAEQRRAYLEGTCVEWLRRYLENGKKTLQRA/GADGVGKSL/AKTTQPISVDSYEGQEVNITCSHNNIATNDYITWYQQFPSQGPRFIIQGYKTKVTNEVASLFIPADRKSSTLSLPRVSLSDTAVYYCLVGDMDQAGTALIFGKGTTLSVSSD/GVTQSPTHLIKTRGQQVTLRCSPKSGHDTVSWYQQALGQGPQFIFQYYEEEERQRGNFPDRFSGHQFPNYSSELNVNALLLGDSALYLCASSLGEGRVDGYTFGSGTRLTVVED	3.0153832629032458	31.81586035393063	0.2501429306250627	0.04743358132644	False	0.13245254650858854	0.021822538014018327	False	0.0	.SHSMRYFYTAVSRPGRGEPRFIAVGYVDDTQFVQFDSDAASPRGEPRAPWVEQEGPEYWDRETQKYKRQAQTDRVNLRKLRGYYNQSEAGSHTLQRMYGCDLGPDGRLLRGYNQFAYDGKDYIALNEDLRSWTAADKAAQITQRKWEAAREAEQRRAYLEGTCVEWLRRYLENG
human	1	C*08:02	GADGVGKSA	TRAV4*01	TRAJ15*01	CLVGDMDQAGTALIF	TRBV5-6*01	TRBJ1-2*01	CASSLGQTNYGYTF	6uln	pdb/new_ternary_2023-06-02/6uln_mh1_orient.pdb	SHSMRYFYTAVSRPGRGEPRFIAVGYVDDTQFVQFDSDAASPRGEPRAPWVEQEGPEYWDRETQKYKRQAQTDRVSLRNLRGYYNQSEAGSHTLQRMYGCDLGPDGRLLRGYNQFAYDGKDYIALNEDLRSWTAADKAAQITQRKWEAAREAEQRRAYLEGTCVEWLRRYLENGKKTLQRA/GADGVGKSA/AKTTQPISVDSYEGQEVNITCSHNNIATNDYITWYQQFPSQGPRFIIQGYKTKVTNEVASLFIPADRKSSTLSLPRVSLSDTAVYYCLVGDMDQAGTALIFGKGTTLSVSSD/GVTQSPTHLIKTRGQQVTLRCSPKSGHDTVSWYQQALGQGPQFIFQYYEEEERQRGNFPDRFSGHQFPNYSSELNVNALLLGDSALYLCASSLGQTNYGYTFGSGTRLTVVED	3.0203870413923326	31.685981685138305	0.2447922719738177	0.03463854338235698	False	0.1325843064445202	0.022409994738489227	False	0.0	.SHSMRYFYTAVSRPGRGEPRFIAVGYVDDTQFVQFDSDAASPRGEPRAPWVEQEGPEYWDRETQKYKRQAQTDRVSLRNLRGYYNQSEAGSHTLQRMYGCDLGPDGRLLRGYNQFAYDGKDYIALNEDLRSWTAADKAAQITQRKWEAAREAEQRRAYLEGTCVEWLRRYLENG
human	1	C*08:02	GADGVGKSA	TRAV4*01	TRAJ15*01	CLVGDMDQAGTALIF	TRBV5-6*01	TRBJ1-2*01	CASSLGEGRVDGYTF	6ulr	pdb/new_ternary_2023-06-02/6ulr_mh1_orient.pdb	HSMRYFYTAVSRPGRGEPRFIAVGYVDDTQFVQFDSDAASPRGEPRAPWVEQEGPEYWDRETQKYKRQAQTDRVSLRNLRGYYNQSEAGSHTLQRMYGCDLGPDGRLLRGYNQFAYDGKDYIALNEDLRSWTAADKAAQITQRKWEAAREAEQRRAYLEGTCVEWLRRYLENGKKTLQRAE/GADGVGKSA/KTTQPISVDSYEGQEVNITCSHNNIATNDYITWYQQFPSQGPRFIIQGYKTKVTNEVASLFIPADRKSSTLSLPRVSLSDTAVYYCLVGDMDQAGTALIFGKGTTLSVSSD/GVTQSPTHLIKTRGQQVTLRCSPKSGHDTVSWYQQALGQGPQFIFQYYEEEERQRGNFPDRFSGHQFPNYSSELNVNALLLGDSALYLCASSLGEGRVDGYTFGSGTRLTVVED	3.0245033729747224	31.86750043177064	0.23691985508841096	0.03123905899837268	False	0.13088810230664516	0.021176837180522098	False	0.0	..HSMRYFYTAVSRPGRGEPRFIAVGYVDDTQFVQFDSDAASPRGEPRAPWVEQEGPEYWDRETQKYKRQAQTDRVSLRNLRGYYNQSEAGSHTLQRMYGCDLGPDGRLLRGYNQFAYDGKDYIALNEDLRSWTAADKAAQITQRKWEAAREAEQRRAYLEGTCVEWLRRYLENG
human	1	E*01:05	RLPAKAPLL	TRAV21*01	TRAJ15*01	CAVTNQAGTALIF	TRBV6-5*01	TRBJ2-1*01	CASSYSIRGSRGEQFF	6zkw	pdb/new_ternary_2023-06-02/6zkw_mh1_orient.pdb	SHSLKYFHTSVSRPGRGEPRFISVGYVDDTQFVRFDNDAASPRMVPRAPWMEQEGSEYWDRETRSARDTAQIFRVNLRTLRGYYNQSEAGSHTLQWMHGCELGPDGRFLRGYEQFAYDGKDYLTLNEDLRSWTAVDTAAQISEQKSNDASEAEHQRAYLEDTCVEWLHKYLEKGKETLLHL/RLPAKAPLL/AQEVTQIPAALSVPEGENLVLNCSFTDSAIYNLQWFRQDPGKGLTSLLLIQSSQREQTSGRLNASLDKSSGRSTLYIAASQPGDSATYLCAVTNQAGTALIFGKGTTLSVSSN/AGVTQTPKFQVLKTGQSMTLQCSQDMNHEYMSWYRQDPGMGLRLIHYSVGAGITDQGEVPNGYNVSRSTTEDFPLRLLSAAPSQTSVYFCASSYSIRGSRGEQFFGPGTRLTVLED	3.7242304637309536	31.89443769777805	-0.24715285324898345	0.08650543754742741	False	0.4547219352884732	0.10655072399434168	False	0.0	.SHSLKYFHTSVSRPGRGEPRFISVGYVDDTQFVRFDNDAASPRMVPRAPWMEQEGSEYWDRETRSARDTAQIFRVNLRTLRGYYNQSEAGSHTLQWMHGCELGPDGRFLRGYEQFAYDGKDYLTLNEDLRSWTAVDTAAQISEQKSNDASEAEHQRAYLEDTCVEWLHKYLEKG
human	1	E*01:05	RLPAKAPLLGCG	TRAV21*01	TRAJ15*01	CAVTNQAGTALIF	TRBV6-5*01	TRBJ2-1*01	CASSYSIRGSRGEQFF	6zkx	pdb/new_ternary_2023-06-02/6zkx_mh1_orient.pdb	SHSLKYFHTSVSRPGRGEPRFISVGYVDDTQFVRFDNDASPRMVPRAPWMEQEGSEYWDRETRSARDTAQIFRVNLRTLRGCYNQSEAGSHTLQWMHGCELGPDGRFLRGYEQFAYDGKDYLTLNEDLRSWTAVDTAAQISEQKSNDASEAEHQRAYLEDTCVEWLHKYLEKGKETLLHLE/RLPAKAPLLGCG/AQEVTQIPAALSVPEGENLVLNCSFTDSAIYNLQWFRQDPGKGLTSLLLIQSSQREQTSGRLNASLDKSSGRSTLYIAASQPGDSATYLCAVTNQAGTALIFGKGTTLSVSSN/NAGVTQTPKFQVLKTGQSMTLQCSQDMNHEYMSWYRQDPGMGLRLIHYSVGAGITDQGEVPNGYNVSRSTTEDFPLRLLSAAPSQTSVYFCASSYSIRGSRGEQFFGPGTRLTVLED	3.744966069756215	31.725847811161646	-0.24067868573534146	0.07967884877158049	False	0.4558451672683522	0.12339574502034935	False	1.454793285065358	.SHSLKYFHTSVSRPGRGEPRFISVGYVDDTQFVRFDNDA.SPRMVPRAPWMEQEGSEYWDRETRSARDTAQIFRVNLRTLRGCYNQSEAGSHTLQWMHGCELGPDGRFLRGYEQFAYDGKDYLTLNEDLRSWTAVDTAAQISEQKSNDASEAEHQRAYLEDTCVEWLHKYLEKG
human	1	E*01:05	RLPAKAPL	TRAV21*01	TRAJ15*01	CAVTNQAGTALIF	TRBV6-5*01	TRBJ2-1*01	CASSYSIRGSRGEQFF	6zky	pdb/new_ternary_2023-06-02/6zky_mh1_orient.pdb	SHSLKYFHTSVSRPGRGEPRFISVGYVDDTQFVRFDNDAASPRMVPRAPWMEQEGSEYWDRETRSARDTAQIFRVNLRTLRGYYNQSEAGSHTLQWMHGCELGPDGRFLRGYEQFAYDGKDYLTLNEDLRSWTAVDTAAQISEQKCNDASEAEHQRAYLEDTCVEWLHKYLEKGKETLLHL/RLPAKAPL/QEVTQIPAALSVPEGENLVLNCSFTDSAIYNLQWFRQDPGKGLTSLLLIQSSQREQTSGRLNASLDKSSGRSTLYIAASQPGDSATYLCAVTNQAGTALIFGKGTTLSVSSN/NAGVTQTPKFQVLKTGQSMTLQCSQDMNHEYMSWYRQDPGMGLRLIHYSVGAGITDQGEVPNGYNVSRSTTEDFPLRLLSAAPSQTSVYFCASSYSIRGSRGEQFFGPGTRLTVLED	3.711833627049869	32.02482767492762	-0.24761312681430356	0.08839231082646024	False	0.4389915874558117	0.11070002083109083	False	0.0	.SHSLKYFHTSVSRPGRGEPRFISVGYVDDTQFVRFDNDAASPRMVPRAPWMEQEGSEYWDRETRSARDTAQIFRVNLRTLRGYYNQSEAGSHTLQWMHGCELGPDGRFLRGYEQFAYDGKDYLTLNEDLRSWTAVDTAAQISEQKCNDASEAEHQRAYLEDTCVEWLHKYLEKG
human	1	E*01:05	RLPAKAPL	TRAV21*01	TRAJ15*01	CAVTNQAGTALIF	TRBV6-5*01	TRBJ2-1*01	CASSYSIRGSRGEQFF	6zkz	pdb/new_ternary_2023-06-02/6zkz_mh1_orient.pdb	SHSLKYFHTSVSRPGRGEPRFISVGYVDDTQFVRFDNDAASPRMVPRAPWMEQEGSEYWDRETRSARDTAQIFRVNLRTLRGYYNQSEAGSHTLQWMHGCELGPDGRFLRGYEQCAYDGKDYLTLNEDLRSWTAVDTAAQISEQKSNDASEAEHQRAYLEDTCVEWLHKYLEKGKETLLHL/RLPAKAPL/AQEVTQIPAALSVPEGENLVLNCSFTDSAIYNLQWFRQDPGKGLTSLLLIQSSQREQTSGRLNASLDKSSGRSTLYIAASQPGDSATYLCAVTNQAGTALIFGKGTTLSVSSN/AGVTQTPKFQVLKTGQSMTLQCSQDMNHEYMSWYRQDPGMGLRLIHYSVGAGITDQGEVPNGYNVSRSTTEDFPLRLLSAAPSQTSVYFCASSYSIRGSRGEQFFGPGTRLTVLED	3.725404784916863	31.648214968188423	-0.2436497577644405	0.08546342925339	False	0.4474382988415028	0.1081440802680634	False	0.0	.SHSLKYFHTSVSRPGRGEPRFISVGYVDDTQFVRFDNDAASPRMVPRAPWMEQEGSEYWDRETRSARDTAQIFRVNLRTLRGYYNQSEAGSHTLQWMHGCELGPDGRFLRGYEQCAYDGKDYLTLNEDLRSWTAVDTAAQISEQKSNDASEAEHQRAYLEDTCVEWLHKYLEKG
mouse	1	H2Db	SSLENFRAYV	TRAV21/DV12*01	TRAJ53*01	CILSGGSNYKLTF	TRBV29*01	TRBJ2-7*01	CASSFGREQYF	7n4k	pdb/new_ternary_2023-06-02/7n4k_mh1_orient.pdb	GPHSMRYFETAVSRPGLEEPRYISVGYVDNKEFVRFDSDAENPRYEPRAPWMEQEGPEYWERETQKAKGQEQWFRVSLRNLLGYYNQSAGGSHTLQQMSGCDLGSDWRLLRGYLQFAYEGRDYIALNEDLKTWTAADMAAQITRRKWEQSGAAEHYKAYLEGECVEWLHRYLKNGNRTDSP/SSLENFRAYV/KTTQPDSMESTEGETVHLPCSHATISGNEYIYWYRQVPLQGPEYVTHGLQQNTTNSMAFLAIASDRKSSTLILPHVSLRDAAVYHCILSGGSNYKLTFGKGTLLTVTPN/DMKVTQMPRYLIKRMGENVLLECGQDMSHETMYWYRQDPGLGLQLIYISYDVDSNSEGDIPKGYRVSRKKREHFSLILDSAKTNQTSVYFCASSFGREQYFGPGTRLTVLED	3.3912928088846237	31.171239465188176	-0.1886731488139022	0.2589328090615061	False	0.10135289625462213	-0.04696578280860292	False	5.248142610721793	GPHSMRYFETAVSRPGLEEPRYISVGYVDNKEFVRFDSDAENPRYEPRAPWMEQEGPEYWERETQKAKGQEQWFRVSLRNLLGYYNQSAGGSHTLQQMSGCDLGSDWRLLRGYLQFAYEGRDYIALNEDLKTWTAADMAAQITRRKWEQSGAAEHYKAYLEGECVEWLHRYLKNGNRTDSP
mouse	1	H2Db	SSLCNFRAYV	TRAV21/DV12*01	TRAJ53*01	CILSGGCNYKLTF	TRBV29*01	TRBJ2-7*01	CASSFGREQYF	7n5c	pdb/new_ternary_2023-06-02/7n5c_mh1_orient.pdb	GPHSMRYFETAVSRPGLEEPRYISVGYVDNKEFVRFDSDAENPRYEPRAPWMEQEGPEYWERETQKAKGQEQWFRVSLRNLLGYYNQSAGGSHTLQQMSGCDLGSDWRLLRGYLQFAYEGRDYIALNEDLKTWTAADMAAQITRRKWEQSGAAEHYKAYLEGECVEWLHRYLKNGNATLLR/SSLCNFRAYV/AKTTQPDSMESTEGETVHLPCSHATISGNEYIYWYRQVPLQGPEYVTHGLQQNTTNSMAFLAIASDRKSSTLILPHVSLRDAAVYHCILSGGCNYKLTFGKGTLLTVTPN/DMKVTQMPRYLIKRMGENVLLECGQDMSHETMYWYRQDPGLGLQLIYISYDVDSNSEGDIPKGYRVSRKKREHFSLILDSAKTNQTSVYFCASSFGREQYFGPGTRLTVLED	3.412316803292167	31.236296992462524	-0.21260496859153324	0.2467264409711287	False	0.07794968118912605	-0.024256238692482772	False	0.0	GPHSMRYFETAVSRPGLEEPRYISVGYVDNKEFVRFDSDAENPRYEPRAPWMEQEGPEYWERETQKAKGQEQWFRVSLRNLLGYYNQSAGGSHTLQQMSGCDLGSDWRLLRGYLQFAYEGRDYIALNEDLKTWTAADMAAQITRRKWEQSGAAEHYKAYLEGECVEWLHRYLKNGNATLLR
mouse	1	H2Db	SSLCNFRAYV	TRAV21/DV12*01	TRAJ53*01	CILSGGSNYKLTF	TRBV29*01	TRBJ2-7*01	CASSFGREQYF	7n5p	pdb/new_ternary_2023-06-02/7n5p_mh1_orient.pdb	GPHSMRYFETAVSRPGLEEPRYISVGYVDNKEFVRFDSDAENPRYEPRAPWMEQEGPEYWERETQKAKGQEQWFRVSLRNLLGYYNQSAGGSHTLQQMSGCDLGSDWRLLRGYLQFAYEGRDYIALNEDLKTWTAADMAAQITRRKWEQSGAAEHYKAYLEGECVEWLHRYLKNGNTDSPK/SSLCNFRAYV/KTTQPDSMESTEGETVHLPCSHATISGNEYIYWYRQVPLQGPEYVTHGLQQNTTNSMAFLAIASDRKSSTLILPHVSLRDAAVYHCILSGGSNYKLTFGKGTLLTVTPN/MKVTQMPRYLIKRMGENVLLECGQDMSHETMYWYRQDPGLGLQLIYISYDVDSNSEGDIPKGYRVSRKKREHFSLILDSAKTNQTSVYFCASSFGREQYFGPGTRLTVLED	3.378369444088055	31.108229913592314	-0.1965792173045607	0.2537462574035597	False	0.09976594014961622	-0.048971267322425766	False	7.5300969822518535	GPHSMRYFETAVSRPGLEEPRYISVGYVDNKEFVRFDSDAENPRYEPRAPWMEQEGPEYWERETQKAKGQEQWFRVSLRNLLGYYNQSAGGSHTLQQMSGCDLGSDWRLLRGYLQFAYEGRDYIALNEDLKTWTAADMAAQITRRKWEQSGAAEHYKAYLEGECVEWLHRYLKNGNTDSPK
mouse	1	H2Db	YGFRNVVHI	TRAV7-1*01	TRAJ21*01	CAVSNYNVLYF	TRBV2*01	TRBJ2-1*01	CASSQEPGGYAEQFF	7na5	pdb/new_ternary_2023-06-02/7na5_mh1_orient.pdb	MGPHSMRYFETAVSRPGLEEPRYISVGYVDNKEFVRFDSDAENPRYEPRAPWMEQEGPEYWERETQKAKGQEQWFRVSLRNLLGYYNQSAGGSHTLQQMSGCDLGWRLLRGYLQFAYEGRDYIALNEDLKTWTAADMAAQITRRKWEQSGAAEHYKAYLEGECVEWLHRYLKNGNATLLRT/YGFRNVVHI/QKVQQSPESLIVPEGGMASLNCTFSDRNSQYFWWYRQHSGEGPKALMSIFSNGDKKEGRFTAHLNKASLHVSLHIKDSQPSDSALYFCAVSNYNVLYFGSGTKLTVEPN/KIIQKPKYLVAVTGSEKILICEQYLGHNAMYWYRQSAKKPLEFMFSYSYQKLMDNQTASSRFQPQSSKKNHLDLQITALKPDDSATYFCASSQEPGGYAEQFFGPGTRLTVLED	3.7022489435529113	31.838734372826252	-0.28577413071518226	0.1681935880518085	False	0.3017820237514809	0.035708858817263184	False	1.8436193454510468	GPHSMRYFETAVSRPGLEEPRYISVGYVDNKEFVRFDSDAENPRYEPRAPWMEQEGPEYWERETQKAKGQEQWFRVSLRNLLGYYNQSAGGSHTLQQMSGCDLG..WRLLRGYLQFAYEGRDYIALNEDLKTWTAADMAAQITRRKWEQSGAAEHYKAYLEGECVEWLHRYLKNGNATLLR
mouse	1	H2Ld	HPGSVNEFDF	TRAV6-7/DV9*01	TRAJ52*01	CALGDPTGANTGKLTF	TRBV1*01	TRBJ2-1*01	CTCSAGRGGYAEQFF	8d5q	pdb/new_ternary_2023-06-02/8d5q_mh1_orient.pdb	GPHSMRYYETATSRRGLGEPRYTSVGYVDDKEFVRFDSDAENPRYEPQVPWMEQEGPEYWERITQVAKGQEQWFRVNLRTLLGYYNQSAGGTHTLQWMYGCDVGSDGRLLRGYEQFAYDGCDYIALNEDLRTWTAADMAAQITRRKWEQAGAAEYYRAYLEGECVEWLHRYLKNGN/HPGSVNEFDF/MDSVTQTEGQVALSEEDFLTIHCNYSASGYPALFWYVQYPGEGPQFLFRASRDKEKGSSRGFEATYNKETTSFHLQKASVQESDSAVYYCALGDPTGANTGKLTFGHGTILRVHPN/MTLLEQNPRWRLVPRGQAVNLRCILKNSQYPWMSWYQQDLQKQLQWLFTLRSPGDKEVKSLPGADYLATRVTDTELRLQVANMSQGRTLYCTCSAGRGGYAEQFFGPGTRLTVLED	3.2684641332205264	30.73536295918405	-0.03640548019099485	0.22893837787653626	False	0.09177502287631688	-0.02760002779937362	False	0.0	GPHSMRYYETATSRRGLGEPRYTSVGYVDDKEFVRFDSDAENPRYEPQVPWMEQEGPEYWERITQVAKGQEQWFRVNLRTLLGYYNQSAGGTHTLQWMYGCDVGSDGRLLRGYEQFAYDGCDYIALNEDLRTWTAADMAAQITRRKWEQAGAAEYYRAYLEGECVEWLHRYLKNGN.....
human	2	DPA1*01:03,DPB1*04:01	GLAWEWWRTVY	TRAV17*01	TRAJ32*01	CATDKKGGATNKLIF	TRBV6-3*01	TRBJ2-7*01	CASSQGGGEQYF	7t2b	pdb/new_ternary_2023-06-02/7t2b_mh2_orient.pdb	ADHVSTYAAFVQTHRPTGEFMFEFDEDEMFYVDLDKKETVWHLEEFGQAFSFEAQGGLANIAILNNNLNTLIQRSNHTQATNDPPEVTVFPKEPV/ENYLFQGRQECYAFNGTQRFLERYIYNREEFARFDSDVGEFRAVTELGRPAAEYWNSQKDILEEKRAVPDRMCRHNYELGGPMTLQRRVQPRVNV/GLAWEWWRTVY/PQALSIQEGENATMNCSYKTSINNLQWYRQNSGRGLVHLILIRSNEREKHSGRLRVTLDTSKKSSSLLITASRAADTASYFCATDKKGGATNKLIFGTGTLLAVQPN/GVTQTPKFRVLKTGQSMTLLCAQDMNHEYMYWYRQDPGMGLRLIHYSVGEGTTAKGEVPDGYNVSRLKKQNFLLGLESAAPSQTSVYFCASSQGGGEQYFGPGTRLTVTED	3.3736566667290564	29.64299804140127	0.07699208542600026	0.07875924088257752	False	0.09848659221614844	0.2597786745242405	False	0.0	HVSTY.AAFVQTHRPTGEFMFEFDEDEMFYVDLDKKETVWHLEEFGQAFSFEAQGGLANIAILNNNLNTLIQRSN/YLFQGRQECYAFN..GTQRFLERYIYNREEFARFDSDVGEFRAVTELGRPAAEYWNSQKDILEEKRAVPDRMCRHNYELGGPMTL
human	2	DPA1*01:03,DPB1*04:01	GLAWEWWRTVY	TRAV4*01	TRAJ8*01	CLVGDTGFQKLVF	TRBV20-1*01	TRBJ2-7*01	CSARDPGGGGSSYEQYF	7t2c	pdb/new_ternary_2023-06-02/7t2c_mh2_orient.pdb	ADHVSTYAAFVQTHRPTGEFMFEFDEDEMFYVDLDKKETVWHLEEFGQAFSFEAQGGLANIAILNNNLNTLIQRSNHTQATNDPPEVTVFPKEPV/ENYLFQGRQECYAFNGTQRFLERYIYNREEFARFDSDVGEFRAVTELGRPAAEYWNSQKDILEEKRAVPDRMCRHNYELGGPMTLQRRVQPRVNV/GLAWEWWRTVY/AKTTQPISMDSYEGQEVNITCSHNNIATNDYITWYQQFPSQGPRFIIQGYKTKVTNEVASLFIPADRKSSTLSLPRVSLSDTAVYYCLVGDTGFQKLVFGTGTRLLVSPN/AVVSQHPSWVICKSGTSVKIECRSLDFQATTMFWYRQFPKQSLMLMATSNEGSKATYEQGVEKDKFLINHASLTLSTLTVTSAHPEDSSFYICSARDPGGGGSSYEQYFGPGTRLTVTED	3.7491246577801562	28.354624524643498	0.018092495071991302	0.003539767288548978	False	-0.19169046249602906	0.0329577172789632	False	0.0	HVSTY.AAFVQTHRPTGEFMFEFDEDEMFYVDLDKKETVWHLEEFGQAFSFEAQGGLANIAILNNNLNTLIQRSN/YLFQGRQECYAFN..GTQRFLERYIYNREEFARFDSDVGEFRAVTELGRPAAEYWNSQKDILEEKRAVPDRMCRHNYELGGPMTL
human	2	DPA1*01:03,DPB1*04:01	GLAWEWWRTVY	TRAV19*01	TRAJ22*01	CALSGSARQLTF	TRBV7-3*01	TRBJ2-5*01	CASSHREGETQYF	7t2d	pdb/new_ternary_2023-06-02/7t2d_mh2_orient.pdb	ADHVSTYAAFVQTHRPTGEFMFEFDEDEMFYVDLDKKETVWHLEEFGQAFSFEAQGGLANIAILNNNLNTLIQRSNHTQATNDPPEVTVFPKEPV/ENYLFQGRQECYAFNGTQRFLERYIYNREEFARFDSDVGEFRAVTELGRPAAEYWNSQKDILEEKRAVPDRMCRHNYELGGPMTLQRRVQPRVNV/GLAWEWWRTVY/AQKVTQAQTEISVVEKEDVTLDCVYETRDTTYYLFWYKQPPSGELVFLIRRNSFDEQNEISGRYSWNFQKSTSSFNFTITASQVVDSAVYFCALSGSARQLTFGSGTQLTVLPD/SNKVTEKGKYVELRCDPISGHTALYWYRQSLGQGPEFLIYFQGTGAADDSGLPNDRFFAVRPEGSVSTLKIQRTERGDSAVYLCASSHREGETQYFGPGTRLLVLED	3.5617267243676682	30.452216128180872	-0.2069997127368924	0.08371025490598838	False	0.2889037555299068	0.2792540634490652	False	0.0	HVSTY.AAFVQTHRPTGEFMFEFDEDEMFYVDLDKKETVWHLEEFGQAFSFEAQGGLANIAILNNNLNTLIQRSN/YLFQGRQECYAFN..GTQRFLERYIYNREEFARFDSDVGEFRAVTELGRPAAEYWNSQKDILEEKRAVPDRMCRHNYELGGPMTL
human	2	DQA1*03:01,DQB1*03:02	VELGGGNAVEV	TRAV38-1*03	TRAJ54*01	CAFFGQGAQKLVF	TRBV5-1*01	TRBJ2-3*01	CASSLSASGGATDTQYF	6xc9	pdb/new_ternary_2023-06-02/6xc9_mh2_orient.pdb	ADHVASYGVNLYQSYGPSGQYSHEFDGDEEFYVDLERKETVWQLPLFRRFRRFDPQFALTNIAVLKHNLNCVIKRSNSTAATNEVPEVTVFSKSP/EDFVYQFKGMCYFTNGTERVRLVTRYIYNREEYARFDSDVGVYRAVTPLGPPAAEYWNSQKEVLERTRAELDTVCRHNYQLELRTTLQRRVEPTV/VELGGGNAVEV/MQTVTQSQPEMSVQEAETVTLSCTYDTSESNYYLFWYKQPPSRQMILVIRQEAYKQQNATENRFSVNFQKAAKSFSLKISDSQLGDTAMYFCAFFGQGAQKLVFGQGTRLTINPN/GVTQTPRYLIKTRGQQVTLSCSPISGHRSVSWYQQTPGQGLQFLFEYFSETQRNKGNFPGRFSGRQFSNSRSEMNVSTLELGDSALYLCASSLSASGGATDTQYFGPGTRLTVLED	3.2025527276880394	29.960571652073273	-0.12833724525045634	-0.10993460820568346	False	0.18879777133566314	0.1737364039211	False	0.0	HVASYGVNLYQSYGPSGQYSHEFDGDEEFYVDLERKETVWQLPLFRRFRRFDPQFALTNIAVLKHNLNCVIKRSN/FVYQFKGMCYFTNGTERVRLVTRYIYNREEYARFDSDVGVYRAVTPLGPPAAEYWNSQKEVLERTRAELDTVCRHNYQLELRTTL
human	2	DQA1*03:01,DQB1*03:02	VELGGGNAVEV	TRAV20*01	TRAJ7*01	CAVQAGGNNRLAF	TRBV5-1*01	TRBJ1-2*01	CASSLERDGYTF	6xco	pdb/new_ternary_2023-06-02/6xco_mh2_orient.pdb	ADHVASYGVNLYQSYGPSGQYSHEFDGDEEFYVDLERKETVWQLPLFRRFRRFDPQFALTNIAVLKHNLNCVIKRSNSTAATNEVPEVTVFSKSP/EDFVYQFKGMCYFTNGTERVRLVTRYIYNREEYARFDSDVGVYRAVTPLGPPAAEYWNSQKEVLERTRAELDTVCRHNYQLELRTTLQRRVEPTV/VELGGGNAVEV/QVTQSPEALRLQEGESSSLNCSYTVSGLRGLFWYRQDPGKGPEFLFTLYSAGEEKEKERLKATLTKKESFLHITAPKPEDSATYLCAVQAGGNNRLAFGKGNQVVVIPN/GVTQTPRYLIKTRGQQVTLSCSPISGHRSVSWYQQTPGQGLQFLFEYFSETQRNKGNFPGRFSGRQFSNSRSEMNVSTLELGDSALYLCASSLERDGYTFGSGTRLTVVED	3.3382799725932486	28.14480514583961	-0.054615878123764984	0.03463741893089072	False	0.11035575529878916	0.042529314155054065	False	0.0	HVASYGVNLYQSYGPSGQYSHEFDGDEEFYVDLERKETVWQLPLFRRFRRFDPQFALTNIAVLKHNLNCVIKRSN/FVYQFKGMCYFTNGTERVRLVTRYIYNREEYARFDSDVGVYRAVTPLGPPAAEYWNSQKEVLERTRAELDTVCRHNYQLELRTTL
human	2	DQA1*03:01,DQB1*03:02	VELGGGNAVEV	TRAV26-1*01	TRAJ39*01	CIVSHNAGNMLTF	TRBV5-1*01	TRBJ2-5*01	CASSLERETQYF	6xcp	pdb/new_ternary_2023-06-02/6xcp_mh2_orient.pdb	ADHVASYGVNLYQSYGPSGQYSHEFDGDEEFYVDLERKETVWQLPLFRRFRRFDPQFALTNIAVLKHNLNCVIKRSNSTAATNEVPEVTVFSKSP/EDFVYQFKGMCYFTNGTERVRLVTRYIYNREEYARFDSDVGVYRAVTPLGPPAAEYWNSQKEVLERTRAELDTVCRHNYQLELRTTLQRRVEPTV/VELGGGNAVEV/MKTTQPPSMDCAEGRAANLPCNHSTISGNEYVYWYRQIHSQGPQYIIHGLKNNETNEMASLIITEDRKSSTLILPHATLRDTAVYYCIVSHNAGNMLTFGGGTRLMVKPH/GVTQTPRYLIKTRGQQVTLSCSPISGHRSVSWYQQTPGQGLQFLFEYFSETQRNKGNFPGRFSGRQFSNSRSEMNVSTLELGDSALYLCASSLERETQYFGPGTRLLVLED	3.329699232083884	28.40903516485388	-0.048491975220935686	-0.013333785886569041	False	0.1675259098820863	0.10209208910213438	False	0.0	HVASYGVNLYQSYGPSGQYSHEFDGDEEFYVDLERKETVWQLPLFRRFRRFDPQFALTNIAVLKHNLNCVIKRSN/FVYQFKGMCYFTNGTERVRLVTRYIYNREEYARFDSDVGVYRAVTPLGPPAAEYWNSQKEVLERTRAELDTVCRHNYQLELRTTL
human	2	DQA1*05:01,DQB1*02:01	QPFPQPEQPFP	TRAV9-2*01	TRAJ52*01	CALSGGTSYGKLTF	TRBV7-3*01	TRBJ1-1*01	CASSQGQDTEAFF	7sg0	pdb/new_ternary_2023-06-02/7sg0_mh2_orient.pdb	ADHVASYGVNLYQSYGPSGQYTHEFDGDEQFYVDLGRKETVWCLPVLRQFRFDPQFALTNIAVLKHNLNSLIKRSNSTAATNEVPEVTVFSKSPV/EDFVYQFKGMCYFTNGTERVRLVSRSIYNREEIVRFDSDVGEFRAVTLLGLPAAEYWNSQKDILERKRAAVDRVCRHNYQLELRTTLQRRVEPTV/QPFPQPEQPFP/MNSVTQMEGPVTLSEEAFLTINCTYTATGYPSLFWYVQYPGEGLQLLLKATKADDGSNKGFEATYRKETTSFHLEKGSVQVSDSAVYFCALSGGTSYGKLTFGQGTILTVHPN/MQTPSNKVTEKGKYVELRCDPISGHTALYWYRQSLGQGPEFLIYFQGTGAADDSGLPNDRFFAVRPEGSVSTLKIQRTERGDSAVYLCASSQGQDTEAFFGQGTRLTVVED	3.3785244848156863	29.487480372878213	-0.1823614104408632	0.07034365111686293	False	0.2820513364274617	0.2210442966959243	False	0.0	HVASYGVNLYQSYGPSGQYTHEFDGDEQFYVDLGRKETVWCLPV.LRQFRFDPQFALTNIAVLKHNLNSLIKRSN/FVYQFKGMCYFTNGTERVRLVSRSIYNREEIVRFDSDVGEFRAVTLLGLPAAEYWNSQKDILERKRAAVDRVCRHNYQLELRTTL
human	2	DQA1*05:01,DQB1*02:01	QPFPQPELPYG	TRAV4*01	TRAJ43*01	CLVGGLARDMRF	TRBV29-1*01	TRBJ2-2*01	CSVALGSDTGELFF	7sg1	pdb/new_ternary_2023-06-02/7sg1_mh2_orient.pdb	ADHVASYGVNLYQSYGPSGQYTHEFDGDEQFYVDLGRKETVWCLPVLRQFRFDPQFALTNIAVLKHNLNSLIKRSNSTAATNEVPEVTVFSKSPV/EDFVYQFKGMCYFTNGTERVRLVSRSIYNREEIVRFDSDVGEFRAVTLLGLPAAEYWNSQKDILERKRAAVDRVCRHNYQLELRTTLQRRVEPTV/QPFPQPELPYG/MKTTQPISMDSYEGQEVNITCSHNNIATNDYITWYQQFPSQGPRFIIQGYKTKVTNEVASLFIPADRKSSTLSLPRVSLSDTAVYYCLVGGLARDMRFGAGTRLTVKPN/AVISQKPSRDICQRGTSLTIQCQVDSQVTMMFWYRQQPGQSLTLIATANQGSEATYESGFVIDKFPISRPNLTFSTLTVSNMSPEDSSIYLCSVALGSDTGELFFGEGSRLTVLED	3.432413455349328	27.930322166433374	-0.06006868723711688	0.05466022969951529	False	-0.05217905262034389	0.13492652041924724	False	0.0	HVASYGVNLYQSYGPSGQYTHEFDGDEQFYVDLGRKETVWCLPV.LRQFRFDPQFALTNIAVLKHNLNSLIKRSN/FVYQFKGMCYFTNGTERVRLVSRSIYNREEIVRFDSDVGEFRAVTLLGLPAAEYWNSQKDILERKRAAVDRVCRHNYQLELRTTL
human	2	DQA1*05:01,DQB1*02:01	QPFPQPEQPFP	TRAV4*01	TRAJ43*01	CLVGGLARDMRF	TRBV29-1*01	TRBJ2-2*01	CSVALGSDTGELFF	7sg2	pdb/new_ternary_2023-06-02/7sg2_mh2_orient.pdb	ADHVASYGVNLYQSYGPSGQYTHEFDGDEQFYVDLGRKETVWCLPVLRQFRFDPQFALTNIAVLKHNLNSLIKRSNSTAATNEVPEVTVFSKSPV/EDFVYQFKGMCYFTNGTERVRLVSRSIYNREEIVRFDSDVGEFRAVTLLGLPAAEYWNSQKDILERKRAAVDRVCRHNYQLELRTTLQRRVEPTV/QPFPQPEQPFP/KTTQPISMDSYEGQEVNITCSHNNIATNDYITWYQQFPSQGPRFIIQGYKTKVTNEVASLFIPADRKSSTLSLPRVSLSDTAVYYCLVGGLARDMRFGAGTRLTVKPN/AVISQKPSRDICQRGTSLTIQCQVDSQVTMMFWYRQQPGQSLTLIATANQGSEATYESGFVIDKFPISRPNLTFSTLTVSNMSPEDSSIYLCSVALGSDTGELFFGEGSRLTVLED	3.4387168056904818	28.09595948305272	-0.06293185020778712	0.04487332093791783	False	-0.04979021221563017	0.14270432195011107	False	0.0	HVASYGVNLYQSYGPSGQYTHEFDGDEQFYVDLGRKETVWCLPV.LRQFRFDPQFALTNIAVLKHNLNSLIKRSN/FVYQFKGMCYFTNGTERVRLVSRSIYNREEIVRFDSDVGEFRAVTLLGLPAAEYWNSQKDILERKRAAVDRVCRHNYQLELRTTL
mouse	2	H2AGa,H2AGb	QTLALEVEDDP	TRAV5D-4*04	TRAJ40*01	CAASVRNYKYVF	TRBV16*01	TRBJ2-4*01	CASSRQGQNTLYF	7z50	pdb/new_ternary_2023-06-02/7z50_mh2_orient.pdb	ADHVGFYGTTVYQSPGDIGQYTHEFDGDELFYVDLDKKKTVWRLPEFGQLILFEPQGGLQNIAAEKHNLGCLTKRSNFTPATNEAPQATVFPKSP/RHFVHQFKGECYFTNGTQRIRLVTRYIYNREEYLRFDSDVGEYRAVTELGRHSAEYYNKQYLERTRAELDTACRHNYEETEVPTSLRRLEQPNVA/QTLALEVEDDP/QVEQLPSILRVQEGSSASINCSYEDSASNYFPWYKQEPGENPKLIIDIRSNMERKQTQGLIVLLDKKAKRFSLHITDTQPGDSAMYFCAASVRNYKYVFGAGTRLKVIAD/MGVIQTPRHKVTGKGQEATLWCEPISGHSAVFWYRQTIVQGLEFLTYFRNQAPIDDSGMPKERFSAQMPNQSHSTLKIQSTQPQDSAVYLCASSRQGQNTLYFGAGTRLSVLED	3.5117394104329733	27.79532967992681	-0.01665625591909276	-0.016750370808626836	False	0.08115379663045727	0.13819895530408094	False	0.0	HVGFYGTTVYQSPGDIGQYTHEFDGDELFYVDLDKKKTVWRLPEFGQLILFEPQGGLQNIAAEKHNLGCLTKRSN/FVHQFKGECYFTNGTQRIRLVTRYIYNREEYLRFDSDVGEYRAVTELGRHSAEYYNKQ..YLERTRAELDTACRHNYEETEVPTS
