v_gene	ab	core_positions_0x	protseq	alseq	pdbid
TRAV1-1*01	A	19;21;23;31;33;45;46;47;61;72;85;86;87	GQSLEQPSEVTAVEGAIVQINCTYQTSGFYGLSWYQQHDGGAPTFLSYNALDGLEETGRFSSFLSRSDSYGYLLLQELQMKDSASYFC	GQSLEQ.PSEVTAVEGAIVQINCTYQTS.GF..YGLSWYQQHDGGAPTFLSYNA..L...D.G.LE.E.T.GRFSSFLSRSDSYGYLLLQELQMKDSASYFC	
TRAV1-1*02	A	19;21;23;31;33;45;46;47;61;72;85;86;87	GQSLEQPSEVTAVEGAIVQINCTYQTSGFYGLSWYQQHDGGAPTFLSYNGLDGLEETGRFSSFLSRSDSYGYLLLQELQMKDSASYFC	GQSLEQ.PSEVTAVEGAIVQINCTYQTS.GF..YGLSWYQQHDGGAPTFLSYNG..L...D.G.LE.E.T.GRFSSFLSRSDSYGYLLLQELQMKDSASYFC	
TRAV1-2*01	A	19;21;23;31;33;45;46;47;61;72;85;86;87	GQNIDQPTEMTATEGAIVQINCTYQTSGFNGLFWYQQHAGEAPTFLSYNVLDGLEEKGRFSSFLSRSKGYSYLLLKELQMKDSASYLC	GQNIDQ.PTEMTATEGAIVQINCTYQTS.GF..NGLFWYQQHAGEAPTFLSYNV..L...D.G.LE.E.K.GRFSSFLSRSKGYSYLLLKELQMKDSASYLC	6pue
TRAV10*01	A	20;22;24;32;34;46;47;48;63;74;87;88;89	KNQVEQSPQSLIILEGKNCTLQCNYTVSPFSNLRWYKQDTGRGPVSLTIMTFSENTKSNGRYTATLDADTKQSSLHITASQLSDSASYIC	KNQVEQSPQSLIILEGKNCTLQCNYTVS.PF..SNLRWYKQDTGRGPVSLTIMT.FS...E.N.TK.S.N.GRYTATLDADTKQSSLHITASQLSDSASYIC	6tro
TRAV11*01	A	20;22;24;32;34;46;47;48;63;74;87;88;89	LHTLEQSPSFLNIQEGMHAVLNCTYQERTLFNFHWFRQDPGRRLVSLTLIQSSQKEQGDKYFKELLGKEKFYSVWNIAASHLGDSATYFC	LHTLEQSPSFLNIQEGMHAVLNCTYQER.TL..FNFHWFRQDPGRRLVSLTLIQ.SS...Q.K.EQ.G.D.KYFKELLGKEKFYSVWNIAASHLGDSATYFC	
TRAV12-1*01	A	20;22;24;32;34;46;47;48;61;72;85;86;87	RKEVEQDPGPFNVPEGATVAFNCTYSNSASQSFFWYRQDCRKEPKLLMSVYSSGNEDGRFTAQLNRASQYISLLIRDSKLSDSATYLC	RKEVEQDPGPFNVPEGATVAFNCTYSNS.AS..QSFFWYRQDCRKEPKLLMSVY......S.S.GN.E.D.GRFTAQLNRASQYISLLIRDSKLSDSATYLC	6vrm
TRAV12-1*02	A	20;22;24;32;34;46;47;48;61;72;85;86;87	RKEVEQDPGPFNVPEGATVAFNCTYSNSASQSFFWYRQDCRKEPKLLMSVYSSGNEDGRFTAHVNRASQYISLLIRDSKLSDSATYLC	RKEVEQDPGPFNVPEGATVAFNCTYSNS.AS..QSFFWYRQDCRKEPKLLMSVY......S.S.GN.E.D.GRFTAHVNRASQYISLLIRDSKLSDSATYLC	
TRAV12-2*01	A	20;22;24;32;34;46;47;48;62;73;86;87;88	QKEVEQNSGPLSVPEGAIASLNCTYSDRGSQSFFWYRQYSGKSPELIMFIYSNGDKEDGRFTAQLNKASQYVSLLIRDSQPSDSATYLC	QKEVEQNSGPLSVPEGAIASLNCTYSDR.GS..QSFFWYRQYSGKSPELIMFIY.S....N.G.DK.E.D.GRFTAQLNKASQYVSLLIRDSQPSDSATYLC	
TRAV12-2*02	A	20;22;24;32;34;46;47;48;62;73;86;87;88	QKEVEQNSGPLSVPEGAIASLNCTYSDRGSQSFFWYRQYSGKSPELIMSIYSNGDKEDGRFTAQLNKASQYVSLLIRDSQPSDSATYLC	QKEVEQNSGPLSVPEGAIASLNCTYSDR.GS..QSFFWYRQYSGKSPELIMSIY.S....N.G.DK.E.D.GRFTAQLNKASQYVSLLIRDSQPSDSATYLC	3pwp
TRAV12-2*03	A	12;14;16;24;26;38;39;40;54;65;78;79;80	GPLSVPEGAIASLNCTYSDRVSQSFFWYRQYSGKSPELIMSIYSNGDKEDGRFTAQLNKASQYVSLLIRDSQPSDSATYLC	........GPLSVPEGAIASLNCTYSDR.VS..QSFFWYRQYSGKSPELIMSIY.S....N.G.DK.E.D.GRFTAQLNKASQYVSLLIRDSQPSDSATYLC	
TRAV12-3*01	A	20;22;24;32;34;46;47;48;62;73;86;87;88	QKEVEQDPGPLSVPEGAIVSLNCTYSNSAFQYFMWYRQYSRKGPELLMYTYSSGNKEDGRFTAQVDKSSKYISLFIRDSQPSDSATYLC	QKEVEQDPGPLSVPEGAIVSLNCTYSNS.AF..QYFMWYRQYSRKGPELLMYTY.S....S.G.NK.E.D.GRFTAQVDKSSKYISLFIRDSQPSDSATYLC	5c0b
TRAV12-3*02	A	20;22;24;32;34;46;47;48;62;73;86;87;88	QKEVEQDPGPLSVPEGAIVSLNCTYSNSAFQYFMWYRQYSRIGPELLMYTYSSGNKEDGRFTAQVDKSSKYISLFIRDSQPSDSATYLC	QKEVEQDPGPLSVPEGAIVSLNCTYSNS.AF..QYFMWYRQYSRIGPELLMYTY.S....S.G.NK.E.D.GRFTAQVDKSSKYISLFIRDSQPSDSATYLC	
TRAV13-1*01	A	20;22;24;32;34;46;47;48;63;74;87;88;89	GENVEQHPSTLSVQEGDSAVIKCTYSDSASNYFPWYKQELGKGPQLIIDIRSNVGEKKDQRIAVTLNKTAKHFSLHITETQPEDSAVYFC	GENVEQHPSTLSVQEGDSAVIKCTYSDS.AS..NYFPWYKQELGKGPQLIIDIR.SN...V.G.EK.K.D.QRIAVTLNKTAKHFSLHITETQPEDSAVYFC	
TRAV13-1*02	A	20;22;24;32;34;46;47;48;63;74;87;88;89	GENVEQHPSTLSVQEGDSAVIKCTYSDSASNYFPWYKQELGKRPQLIIDIRSNVGEKKDQRIAVTLNKTAKHFSLHITETQPEDSAVYFC	GENVEQHPSTLSVQEGDSAVIKCTYSDS.AS..NYFPWYKQELGKRPQLIIDIR.SN...V.G.EK.K.D.QRIAVTLNKTAKHFSLHITETQPEDSAVYFC	4may
TRAV13-2*01	A	20;22;24;32;34;46;47;48;63;74;87;88;89	GESVGLHLPTLSVQEGDNSIINCAYSNSASDYFIWYKQESGKGPQFIIDIRSNMDKRQGQRVTVLLNKTVKHLSLQIAATQPGDSAVYFC	GESVGLHLPTLSVQEGDNSIINCAYSNS.AS..DYFIWYKQESGKGPQFIIDIR.SN...M.D.KR.Q.G.QRVTVLLNKTVKHLSLQIAATQPGDSAVYFC	
TRAV13-2*02	A	20;22;24;32;34;46;47;48;63;74;87;88;89	GESVGLHLPTLSVQEGDNSIINCAYSNSASDYFIWYKQESGKGPQFIIDIRSNMDKRQGQRVTVLLNKTVKHLSLQIAATQPGDSAVYFC	GESVGLHLPTLSVQEGDNSIINCAYSNS.AS..DYFIWYKQESGKGPQFIIDIR.SN...M.D.KR.Q.G.QRVTVLLNKTVKHLSLQIAATQPGDSAVYFC	
TRAV14/DV4*01	A	20;22;24;33;35;47;48;49;65;76;89;90;91	AQKITQTQPGMFVQEKEAVTLDCTYDTSDPSYGLFWYKQPSSGEMIFLIYQGSYDQQNATEGRYSLNFQKARKSANLVISASQLGDSAMYFC	AQKITQTQPGMFVQEKEAVTLDCTYDTS.D.PSYGLFWYKQPSSGEMIFLIYQG.SY.D.Q.Q.NA.T.E.GRYSLNFQKARKSANLVISASQLGDSAMYFC	
TRAV14/DV4*02	A	20;22;24;33;35;47;48;49;65;76;89;90;91	AQKITQTQPGMFVQEKEAVTLDCTYDTSDQSYGLFWYKQPSSGEMIFLIYQGSYDEQNATEGRYSLNFQKARKSANLVISASQLGDSAMYFC	AQKITQTQPGMFVQEKEAVTLDCTYDTS.D.QSYGLFWYKQPSSGEMIFLIYQG.SY.D.E.Q.NA.T.E.GRYSLNFQKARKSANLVISASQLGDSAMYFC	4g8g
TRAV14/DV4*03	A	20;22;24;33;35;47;48;49;65;76;89;90;91	AQKITQTQPGMFVQEKEAVTLDCTYDTSDPSYGLFWYKQPSSGEMIFLIYQGSYDQQNATEGRYSLNFQKARKSANLVISASQLGDSAMYFC	AQKITQTQPGMFVQEKEAVTLDCTYDTS.D.PSYGLFWYKQPSSGEMIFLIYQG.SY.D.Q.Q.NA.T.E.GRYSLNFQKARKSANLVISASQLGDSAMYFC	
TRAV16*01	A	20;22;24;32;34;46;47;48;60;71;84;85;86	AQRVTQPEKLLSVFKGAPVELKCNYSYSGSPELFWYVQYSRQRLQLLLRHISRESIKGFTADLNKGETSFHLKKPFAQEEDSAMYYC	AQRVTQPEKLLSVFKGAPVELKCNYSYS.GS..PELFWYVQYSRQRLQLLLRHIS..........R.E.SIKGFTADLNKGETSFHLKKPFAQEEDSAMYYC	7n1e
TRAV17*01	A	20;22;24;31;33;45;46;47;62;73;86;87;88	SQQGEEDPQALSIQEGENATMNCSYKTSINNLQWYRQNSGRGLVHLILIRSNEREKHSGRLRVTLDTSKKSSSLLITASRAADTASYFC	SQQGEEDPQALSIQEGENATMNCSYKTS..I..NNLQWYRQNSGRGLVHLILIR.SN...E.R.EK.H.S.GRLRVTLDTSKKSSSLLITASRAADTASYFC	2wbj
TRAV18*01	A	20;22;24;32;34;46;47;48;62;73;86;87;88	GDSVTQTEGPVTLPERAALTLNCTYQSSYSTFLFWYVQYLNKEPELLLKSSENQETDSRGFQASPIKSDSSFHLEKPSVQLSDSAVYYC	GDSVTQTEGPVTLPERAALTLNCTYQSS.YS..TFLFWYVQYLNKEPELLLKSS..E.....NQET.D..SRGFQASPIKSDSSFHLEKPSVQLSDSAVYYC	
TRAV19*01	A	20;22;24;33;35;47;48;49;65;76;89;90;91	AQKVTQAQTEISVVEKEDVTLDCVYETRDTTYYLFWYKQPPSGELVFLIRRNSFDEQNEISGRYSWNFQKSTSSFNFTITASQVVDSAVYFC	AQKVTQAQTEISVVEKEDVTLDCVYETR.D.TTYYLFWYKQPPSGELVFLIRRN.SF.D.E.Q.NE.I.S.GRYSWNFQKSTSSFNFTITASQVVDSAVYFC	2ak4
TRAV2*01	A	19;21;23;31;33;45;46;47;59;68;81;82;83	KDQVFQPSTVASSEGAVVEIFCNHSVSNAYNFFWYLHFPGCAPRLLVKGSKPSQQGRYNMTYERFSSSLLILQVREADAAVYYC	KDQVFQ.PSTVASSEGAVVEIFCNHSVS.NA..YNFFWYLHFPGCAPRLLVKGS........K.PS.Q.Q.GRYNMTYER..FSSSLLILQVREADAAVYYC	
TRAV2*02	A	19;21;23;31;33;45;46;47;59;68;81;82;83	KDQVFQPSTVASSEGAVVEIFCNHSVSNAYNFFWHLHFPGCAPRLLVKGSKPSQQGRYNMTYERFSSSLLILQVREADAAVYYC	KDQVFQ.PSTVASSEGAVVEIFCNHSVS.NA..YNFFWHLHFPGCAPRLLVKGS........K.PS.Q.Q.GRYNMTYER..FSSSLLILQVREADAAVYYC	
TRAV20*01	A	20;22;24;32;34;46;47;48;63;72;85;86;87	EDQVTQSPEALRLQEGESSSLNCSYTVSGLRGLFWYRQDPGKGPEFLFTLYSAGEEKEKERLKATLTKKESFLHITAPKPEDSATYLC	EDQVTQSPEALRLQEGESSSLNCSYTVS.GL..RGLFWYRQDPGKGPEFLFTLY..S...AGE.EK.E.K.ERLKATLTK..KESFLHITAPKPEDSATYLC	3mv8
TRAV20*02	A	20;22;24;32;34;46;47;48;63;72;85;86;87	EDQVTQSPEALRLQEGESSSLNCSYTVSGLRGLFWYRQDPGKGPEFLFTLYSAGEEKEKERLKATLTKKESFLHITAPKPEDSATYLC	EDQVTQSPEALRLQEGESSSLNCSYTVS.GL..RGLFWYRQDPGKGPEFLFTLY..S...AGE.EK.E.K.ERLKATLTK..KESFLHITAPKPEDSATYLC	
TRAV20*03	A	20;22;24;32;34;46;47;48;63;72;85;86;87	EDQVTQSPEALRLQEGESRSLNCSYTVSGLRGLFWYRQDPGKGPEFLFTLYSAGEEKEKERLKATLTKKESFLHITAPKPEDSATYLC	EDQVTQSPEALRLQEGESRSLNCSYTVS.GL..RGLFWYRQDPGKGPEFLFTLY..S...AGE.EK.E.K.ERLKATLTK..KESFLHITAPKPEDSATYLC	
TRAV20*04	A	20;22;24;32;34;46;47;48;63;72;85;86;87	EDQVTQSPEALRLQEGESSSLNCSCTVSGLRGLFWYRQDPGKGPEFLFTLYSAGEEKEKERLKATLTKKESFLHITAPKPEDSATYLC	EDQVTQSPEALRLQEGESSSLNCSCTVS.GL..RGLFWYRQDPGKGPEFLFTLY..S...AGE.EK.E.K.ERLKATLTK..KESFLHITAPKPEDSATYLC	
TRAV21*01	A	20;22;24;32;34;46;47;48;63;74;87;88;89	KQEVTQIPAALSVPEGENLVLNCSFTDSAIYNLQWFRQDPGKGLTSLLLIQSSQREQTSGRLNASLDKSSGRSTLYIAASQPGDSATYLC	KQEVTQIPAALSVPEGENLVLNCSFTDS.AI..YNLQWFRQDPGKGLTSLLLIQ.SS...Q.R.EQ.T.S.GRLNASLDKSSGRSTLYIAASQPGDSATYLC	2bnq
TRAV21*02	A	20;22;24;32;34;46;47;48;63;74;87;88;89	KQEVTQIPAALSVPEGENLVLNCSFTDSAIYNLQWFRQDPGKGLTSLLLIQSSQREQTSGRLNASLDKSSGRSTLYIAASQPGDSATYLC	KQEVTQIPAALSVPEGENLVLNCSFTDS.AI..YNLQWFRQDPGKGLTSLLLIQ.SS...Q.R.EQ.T.S.GRLNASLDKSSGRSTLYIAASQPGDSATYLC	
TRAV22*01	A	20;22;24;31;33;45;46;47;60;71;84;85;86	GIQVEQSPPDLILQEGANSTLRCNFSDSVNNLQWFHQNPWGQLINLFYIPSGTKQNGRLSATTVATERYSLLYISSSQTTDSGVYFC	GIQVEQSPPDLILQEGANSTLRCNFSDSV.N...NLQWFHQNPWGQLINLFYIP......S.G.TK.Q.N.GRLSATTVATERYSLLYISSSQTTDSGVYFC	2ian
TRAV23/DV6*01	A	20;22;24;32;34;46;47;48;63;74;87;88;89	QQQVKQSPQSLIVQKGGISIINCAYENTAFDYFPWYQQFPGKGPALLIAIRPDVSEKKEGRFTISFNKSAKQFSLHIMDSQPGDSATYFC	QQQVKQSPQSLIVQKGGISIINCAYENT.AF..DYFPWYQQFPGKGPALLIAIR.PD...V.S.EK.K.E.GRFTISFNKSAKQFSLHIMDSQPGDSATYFC	
TRAV23/DV6*02	A	20;22;24;32;34;46;47;48;63;74;87;88;89	QQQVKQSPQSLIVQKGGIPIINCAYENTAFDYFPWYQQFPGKGPALLIAIRPDVSEKKEGRFTISFNKSAKQFSLHIMDSQPGDSATYFC	QQQVKQSPQSLIVQKGGIPIINCAYENT.AF..DYFPWYQQFPGKGPALLIAIR.PD...V.S.EK.K.E.GRFTISFNKSAKQFSLHIMDSQPGDSATYFC	
TRAV23/DV6*03	A	20;22;24;32;34;46;47;48;63;74;87;88;89	QQQVKQSPQSLIVQKGGISIINCAYENTAFDYFPWYQQFPGKGPALLIAIRPDVSEKKEGRFTISFNKSAKQFSLHIMDSQPGDSATYFC	QQQVKQSPQSLIVQKGGISIINCAYENT.AF..DYFPWYQQFPGKGPALLIAIR.PD...V.S.EK.K.E.GRFTISFNKSAKQFSLHIMDSQPGDSATYFC	
TRAV23/DV6*04	A	19;21;23;31;33;45;46;47;62;73;86;87;88	QQVKQSPQSLIVQKGGISIINCAYENTAFDYFPWYQQFPGKGPALLIAIRPDVSEKKEGRFTISFNKSAKQFSLHIMDSQPGDSATYFC	.QQVKQSPQSLIVQKGGISIINCAYENT.AF..DYFPWYQQFPGKGPALLIAIR.PD...V.S.EK.K.E.GRFTISFNKSAKQFSLHIMDSQPGDSATYFC	
TRAV24*01	A	20;22;24;32;34;46;47;48;63;74;87;88;89	ILNVEQSPQSLHVQEGDSTNFTCSFPSSNFYALHWYRWETAKSPEALFVMTLNGDEKKKGRISATLNTKEGYSYLYIKGSQPEDSATYLC	ILNVEQSPQSLHVQEGDSTNFTCSFPSS.NF..YALHWYRWETAKSPEALFVMT..L...NGD.EK.K.K.GRISATLNTKEGYSYLYIKGSQPEDSATYLC	
TRAV24*02	A	20;22;24;32;34;46;47;48;63;74;87;88;89	ILNVEQGPQSLHVQEGDSTNFTCSFPSSNFYALHWYRWETAKTPEALFVMTLNGDEKKKGRISATLNTKEGYSYLYIKGSQPEDSATYLC	ILNVEQGPQSLHVQEGDSTNFTCSFPSS.NF..YALHWYRWETAKTPEALFVMT..L...NGD.EK.K.K.GRISATLNTKEGYSYLYIKGSQPEDSATYLC	6cqn
TRAV25*01	A	20;22;24;31;33;45;46;47;62;73;86;87;88	GQQVMQIPQYQHVQEGEDFTTYCNSSTTLSNIQWYKQRPGGHPVFLIQLVKSGEVKKQKRLTFQFGEAKKNSSLHITATQTTDVGTYFC	GQQVMQIPQYQHVQEGEDFTTYCNSSTT..L..SNIQWYKQRPGGHPVFLIQLV..K...SGE.VK.K.Q.KRLTFQFGEAKKNSSLHITATQTTDVGTYFC	
TRAV26-1*01	A	19;21;23;32;34;46;47;48;61;72;85;86;87	DAKTTQPPSMDCAEGRAANLPCNHSTISGNEYVYWYRQIHSQGPQYIIHGLKNNETNEMASLIITEDRKSSTLILPHATLRDTAVYYC	DAKTTQ.PPSMDCAEGRAANLPCNHSTI.SG.NEYVYWYRQIHSQGPQYIIHGL......K.N.NE.T.N.EMASLIITEDRKSSTLILPHATLRDTAVYYC	4ozf
TRAV26-1*02	A	19;21;23;32;34;46;47;48;61;72;85;86;87	DAKTTQPTSMDCAEGRAANLPCNHSTISGNEYVYWYRQIHSQGPQYIIHGLKNNETNEMASLIITEDRKSSTLILPHATLRDTAVYYC	DAKTTQ.PTSMDCAEGRAANLPCNHSTI.SG.NEYVYWYRQIHSQGPQYIIHGL......K.N.NE.T.N.EMASLIITEDRKSSTLILPHATLRDTAVYYC	
TRAV26-1*03	A	19;21;23;32;34;46;47;48;61;72;85;86;87	DAKTTQPPSMDCAEGRAANLPCNHSTISGNEYVYWYRQIHSQGPQNIIHGLKNNETNEMASLIITEDRKSSTLILPHATLRDTAVYYC	DAKTTQ.PPSMDCAEGRAANLPCNHSTI.SG.NEYVYWYRQIHSQGPQNIIHGL......K.N.NE.T.N.EMASLIITEDRKSSTLILPHATLRDTAVYYC	
TRAV26-2*01	A	19;21;23;32;34;46;47;48;61;72;85;86;87	DAKTTQPNSMESNEEEPVHLPCNHSTISGTDYIHWYRQLPSQGPEYVIHGLTSNVNNRMASLAIAEDRKSSTLILHRATLRDAAVYYC	DAKTTQ.PNSMESNEEEPVHLPCNHSTI.SG.TDYIHWYRQLPSQGPEYVIHGL......T.S.NV.N.N.RMASLAIAEDRKSSTLILHRATLRDAAVYYC	5d2n
TRAV27*01	A	20;22;24;31;33;45;46;47;62;73;86;87;88	TQLLEQSPQFLSIQEGENLTVYCNSSSVFSSLQWYRQEPGEGPVLLVTVVTGGEVKKLKRLTFQFGDARKDSSLHITAAQPGDTGLYLC	TQLLEQSPQFLSIQEGENLTVYCNSSSV..F..SSLQWYRQEPGEGPVLLVTVV..T...GGE.VK.K.L.KRLTFQFGDARKDSSLHITAAQPGDTGLYLC	2vlk
TRAV27*02	A	20;22;24;31;33;45;46;47;62;73;86;87;88	TQLLEQSPQFLSIQEGENLTVYCNSSSVFSSLQWYRQEPGEGPVLLVTVVTGGEVKKLKRLTFQFGDARKDSSLHITAAQPGDTGHYLC	TQLLEQSPQFLSIQEGENLTVYCNSSSV..F..SSLQWYRQEPGEGPVLLVTVV..T...GGE.VK.K.L.KRLTFQFGDARKDSSLHITAAQPGDTGHYLC	
TRAV27*03	A	20;22;24;31;33;45;46;47;62;73;86;87;88	TQLLEQSPQFLSIQEGENLTVYCNSSSVFSSLQWYRQEPGEGPVLLVTVVTGGEVKKLKRLTFQFGDARKDSSLHITAAQTGDTGLYLC	TQLLEQSPQFLSIQEGENLTVYCNSSSV..F..SSLQWYRQEPGEGPVLLVTVV..T...GGE.VK.K.L.KRLTFQFGDARKDSSLHITAAQTGDTGLYLC	
TRAV29/DV5*01	A	20;22;24;32;34;46;47;48;63;74;87;88;89	DQQVKQNSPSLSVQEGRISILNCDYTNSMFDYFLWYKKYPAEGPTFLISISSIKDKNEDGRFTVFLNKSAKHLSLHIVPSQPGDSAVYFC	DQQVKQNSPSLSVQEGRISILNCDYTNS.MF..DYFLWYKKYPAEGPTFLISIS.SI...K.D.KN.E.D.GRFTVFLNKSAKHLSLHIVPSQPGDSAVYFC	1bd2
TRAV29/DV5*02	A	20;22;24;32;34;46;47;48;63;74;87;88;89	DQQVKQNSPSLSVQEGRISILNCDYTNSMFDYFLWYKKYPAEGPTFLISISSIKDKNEDGRFTVFLNKSAKHLSLDIVPSQPGDSAVYFC	DQQVKQNSPSLSVQEGRISILNCDYTNS.MF..DYFLWYKKYPAEGPTFLISIS.SI...K.D.KN.E.D.GRFTVFLNKSAKHLSLDIVPSQPGDSAVYFC	
TRAV3*01	A	20;22;24;32;34;46;47;48;64;75;88;89;90	AQSVAQPEDQVNVAEGNPLTVKCTYSVSGNPYLFWYVQYPNRGLQFLLKYITGDNLVKGSYGFEAEFNKSQTSFHLKKPSALVSDSALYFC	AQSVAQPEDQVNVAEGNPLTVKCTYSVS.GN..PYLFWYVQYPNRGLQFLLKYI..T.G.D.N.LV.K.GSYGFEAEFNKSQTSFHLKKPSALVSDSALYFC	6rpa
TRAV30*01	A	19;21;23;30;32;44;45;46;61;72;85;86;87	QQPVQSPQAVILREGEDAVINCSSSKALYSVHWYRQKHGEAPVFLMILLKGGEQKGHEKISASFNEKKQQSSLYLTASQLSYSGTYFC	QQPV.QSPQAVILREGEDAVINCSSSKA..L..YSVHWYRQKHGEAPVFLMILL..K.GG..E.QK.G.H.EKISASFNEKKQQSSLYLTASQLSYSGTYFC	5wkh
TRAV30*02	A	19;21;23;30;32;44;45;46;61;72;85;86;87	QQPVQSPQAVILREGEDAVTNCSSSKALYSVHWYRQKHGEAPVFLMILLKGGEQMRREKISASFNEKKQQSSLYLTASQLSYSGTYFC	QQPV.QSPQAVILREGEDAVTNCSSSKA..L..YSVHWYRQKHGEAPVFLMILL..K.GG..E.QM.R.R.EKISASFNEKKQQSSLYLTASQLSYSGTYFC	
TRAV30*03	A	19;21;23;30;32;44;45;46;61;72;85;86;87	QQPVQSPQAVILREGEDAVINCSSSKALYSVHWYRQKHGEAPVFLMILLKGGEQKGHEKISASFNEKKRQSSLYLTASQLSYSGTYFC	QQPV.QSPQAVILREGEDAVINCSSSKA..L..YSVHWYRQKHGEAPVFLMILL..K.GG..E.QK.G.H.EKISASFNEKKRQSSLYLTASQLSYSGTYFC	
TRAV34*01	A	20;22;24;31;33;45;46;47;62;73;86;87;88	SQELEQSPQSLIVQEGKNLTINCTSSKTLYGLYWYKQKYGEGLIFLMMLQKGGEEKSHEKITAKLDEKKQQSSLHITASQPSHAGIYLC	SQELEQSPQSLIVQEGKNLTINCTSSKT..L..YGLYWYKQKYGEGLIFLMMLQ..K.GG..E.EK.S.H.EKITAKLDEKKQQSSLHITASQPSHAGIYLC	
TRAV35*01	A	20;22;24;31;33;45;46;47;62;73;86;87;88	GQQLNQSPQSMFIQEGEDVSMNCTSSSIFNTWLWYKQEPGEGPVLLIALYKAGELTSNGRLTAQFGITRKDSFLNISASIPSDVGIYFC	GQQLNQSPQSMFIQEGEDVSMNCTSSSI..F..NTWLWYKQEPGEGPVLLIALY..K...A.G.EL.TSN.GRLTAQFGITRKDSFLNISASIPSDVGIYFC	3qeq
TRAV35*02	A	20;22;24;31;33;45;46;47;62;73;86;87;88	GQQLNQSPQSMFIQEGEDVSMNCTSSSIFNTWLWYKQDPGEGPVLLIALYKAGELTSNGRLTAQFGITRKDSFLNISASIPSDVGIYFC	GQQLNQSPQSMFIQEGEDVSMNCTSSSI..F..NTWLWYKQDPGEGPVLLIALY..K...A.G.EL.TSN.GRLTAQFGITRKDSFLNISASIPSDVGIYFC	
TRAV36/DV7*01	A	20;22;24;32;34;45;46;47;62;73;86;87;88	EDKVVQSPLSLVVHEGDTVTLNCSYEVTNFRSLLWYKQEKKAPTFLFMLTSSGIEKKSGRLSSILDKKELSSILNITATQTGDSAIYLC	EDKVVQSPLSLVVHEGDTVTLNCSYEVT.NF..RSLLWYKQEK.KAPTFLFMLT..S...SGI.EK.K.S.GRLSSILDKKELSSILNITATQTGDSAIYLC	5d7k
TRAV36/DV7*02	A	20;22;24;32;34;45;46;47;62;73;86;87;88	EDKVVQSPQSLVVHEGDTVTLNCSYEMTNFRSLQWYKQEKKAPTFLFMLTSSGIEKKSGRLSSILDKKELFSILNITATQTGDSAVYLC	EDKVVQSPQSLVVHEGDTVTLNCSYEMT.NF..RSLQWYKQEK.KAPTFLFMLT..S...SGI.EK.K.S.GRLSSILDKKELFSILNITATQTGDSAVYLC	
TRAV36/DV7*03	A	20;22;24;32;34;45;46;47;62;73;86;87;88	EDKVVQSPLSLVVHEGDTVTPNCSYEVTNFRSLLWYKQEKKAPTFLFMLTSSGIEKKSGRLSSILDKKELFSILNITATQTGDSAVYLC	EDKVVQSPLSLVVHEGDTVTPNCSYEVT.NF..RSLLWYKQEK.KAPTFLFMLT..S...SGI.EK.K.S.GRLSSILDKKELFSILNITATQTGDSAVYLC	
TRAV36/DV7*04	A	20;22;24;32;34;45;46;47;62;73;86;87;88	EDKVVQSPLSLVVHEGDTVTLNCSYEVTNFRSLLWYKQEKKAPTFLFMLTSSGIEKKSGRLSSILDKKELFSILNITATQTGDSAVYLC	EDKVVQSPLSLVVHEGDTVTLNCSYEVT.NF..RSLLWYKQEK.KAPTFLFMLT..S...SGI.EK.K.S.GRLSSILDKKELFSILNITATQTGDSAVYLC	
TRAV38-1*01	A	20;22;24;33;35;47;48;49;65;76;89;90;91	AQTVTQSQPEMSVQEAETVTLSCTYDTSENNYYLFWYKQPPSRQMILVIRQEAYKQQNATENRFSVNFQKAAKSFSLKISDSQLGDTAMYFC	AQTVTQSQPEMSVQEAETVTLSCTYDTS.E.NNYYLFWYKQPPSRQMILVIRQE.AY.K.Q...QNAT.E.NRFSVNFQKAAKSFSLKISDSQLGDTAMYFC	6uk4
TRAV38-1*02	A	20;22;24;33;35;47;48;49;65;76;89;90;91	AQTVTQSQPEMSVQEAETVTLSCTYDTSENDYYLFWYKQPPSRQMILVIRQEAYKQQNATENRFSVNFQKAAKSFSLKISDSQLGDTAMYFC	AQTVTQSQPEMSVQEAETVTLSCTYDTS.E.NDYYLFWYKQPPSRQMILVIRQE.AY.K.Q...QNAT.E.NRFSVNFQKAAKSFSLKISDSQLGDTAMYFC	
TRAV38-1*03	A	20;22;24;33;35;47;48;49;65;76;89;90;91	AQTVTQSQPEMSVQEAETVTLSCTYDTSESNYYLFWYKQPPSRQMILVIRQEAYKQQNATENRFSVNFQKAAKSFSLKISDSQLGDTAMYFC	AQTVTQSQPEMSVQEAETVTLSCTYDTS.E.SNYYLFWYKQPPSRQMILVIRQE.AY.K.Q...QNAT.E.NRFSVNFQKAAKSFSLKISDSQLGDTAMYFC	
TRAV38-1*04	A	20;22;24;33;35;47;48;49;65;76;89;90;91	AQTVTQSQPEMSVQEAETVTLSCTYDTSENNYYLFWYKQPPSRQMILVIRQEAYKQQNATENRFSVNFQKAAKSFSLKISDSQLGDTAMYFC	AQTVTQSQPEMSVQEAETVTLSCTYDTS.E.NNYYLFWYKQPPSRQMILVIRQE.AY.K.Q...QNAT.E.NRFSVNFQKAAKSFSLKISDSQLGDTAMYFC	
TRAV38-2/DV8*01	A	20;22;24;33;35;47;48;49;65;76;89;90;91	AQTVTQSQPEMSVQEAETVTLSCTYDTSESDYYLFWYKQPPSRQMILVIRQEAYKQQNATENRFSVNFQKAAKSFSLKISDSQLGDAAMYFC	AQTVTQSQPEMSVQEAETVTLSCTYDTS.E.SDYYLFWYKQPPSRQMILVIRQE.AY.K.Q.Q.NA.T.E.NRFSVNFQKAAKSFSLKISDSQLGDAAMYFC	5yxu
TRAV39*01	A	20;22;24;31;33;45;46;47;62;73;86;87;88	ELKVEQNPLFLSMQEGKNYTIYCNYSTTSDRLYWYRQDPGKSLESLFVLLSNGAVKQEGRLMASLDTKARLSTLHITAAVHDLSATYFC	ELKVEQNPLFLSMQEGKNYTIYCNYSTT..S..DRLYWYRQDPGKSLESLFVLL..S...NGA.VK.Q.E.GRLMASLDTKARLSTLHITAAVHDLSATYFC	4jry
TRAV4*01	A	19;21;23;32;34;46;47;48;61;72;85;86;87	LAKTTQPISMDSYEGQEVNITCSHNNIATNDYITWYQQFPSQGPRFIIQGYKTKVTNEVASLFIPADRKSSTLSLPRVSLSDTAVYYC	LAKTTQ.PISMDSYEGQEVNITCSHNNI.AT.NDYITWYQQFPSQGPRFIIQGY......K.T.KV.T.N.EVASLFIPADRKSSTLSLPRVSLSDTAVYYC	6avg
TRAV40*01	A	19;21;23;31;33;45;46;47;59;68;81;82;83	SNSVKQTGQITVSEGASVTMNCTYTSTGYPTLFWYVEYPSKPLQLLQRETMENSKNFGGGNIKDKNSPIVKYSVQVSDSAVYYC	SNSVKQT.GQITVSEGASVTMNCTYTST.GY..PTLFWYVEYPSKPLQLLQRET.........MEN.S..KNFGGGNIKD..KNSPIVKYSVQVSDSAVYYC	
TRAV41*01	A	20;22;24;31;33;45;46;47;60;71;84;85;86	KNEVEQSPQNLTAQEGEFITINCSYSVGISALHWLQQHPGGGIVSLFMLSSGKKKHGRLIATINIQEKHSSLHITASHPRDSAVYIC	KNEVEQSPQNLTAQEGEFITINCSYSVG.I...SALHWLQQHPGGGIVSLFMLS.S......G.KK.K.H.GRLIATINIQEKHSSLHITASHPRDSAVYIC	
TRAV5*01	A	19;21;23;31;33;45;46;47;62;73;86;87;88	GEDVEQSLFLSVREGDSSVINCTYTDSSSTYLYWYKQEPGAGLQLLTYIFSNMDMKQDQRLTVLLNKKDKHLSLRIADTQTGDSAIYFC	GEDVEQS.LFLSVREGDSSVINCTYTDS.SS..TYLYWYKQEPGAGLQLLTYIF.SN...M.D.MK.Q.D.QRLTVLLNKKDKHLSLRIADTQTGDSAIYFC	2ypl
TRAV6*01	A	20;22;24;32;34;46;47;48;63;74;87;88;89	SQKIEQNSEALNIQEGKTATLTCNYTNYSPAYLQWYRQDPGRGPVFLLLIRENEKEKRKERLKVTFDTTLKQSLFHITASQPADSATYLC	SQKIEQNSEALNIQEGKTATLTCNYTNY.SP..AYLQWYRQDPGRGPVFLLLIR.EN...E.K.EK.R.K.ERLKVTFDTTLKQSLFHITASQPADSATYLC	
TRAV6*02	A	20;22;24;32;34;46;47;48;63;74;87;88;89	SQKIEQNSEALNIQEGKTATLTCNYTNYSPAYLQWYRQDPGRGPVFLLLIRENEKEKRKERLKVTFDTTLKQSLFHITASQPADSATYLC	SQKIEQNSEALNIQEGKTATLTCNYTNY.SP..AYLQWYRQDPGRGPVFLLLIR.EN...E.K.EK.R.K.ERLKVTFDTTLKQSLFHITASQPADSATYLC	
TRAV6*03	A	12;14;16;24;26;38;39;40;55;66;79;80;81	EALNIQEGKTATLTCNYTNYSPAYLQWYRQDPGRGPVFLLLIRENEKEKRKERLKVTFDTTLKQSLFHITASQPADSATYLC	........EALNIQEGKTATLTCNYTNY.SP..AYLQWYRQDPGRGPVFLLLIR.EN...E.K.EK.R.K.ERLKVTFDTTLKQSLFHITASQPADSATYLC	
TRAV6*04	A	12;14;16;24;26;38;39;40;55;66;79;80;81	EALNIQEGKTATLTCNYTNYSPAYLQWYRQDPGRGPVFLLLIRENEKEKRKERLKVTFDTTLKQSLFHVTASQPADSATYLC	........EALNIQEGKTATLTCNYTNY.SP..AYLQWYRQDPGRGPVFLLLIR.EN...E.K.EK.R.K.ERLKVTFDTTLKQSLFHVTASQPADSATYLC	
TRAV6*05	A	12;14;16;24;26;38;39;40;55;66;79;80;81	EALNIQEGKTATLTCNYTNYSPAYLQWYRQDPGRGPVFLLLIRENEKEKRKERLKVTFDTTLKQSLFHITASQPADSATYLC	........EALNIQEGKTATLTCNYTNY.SP..AYLQWYRQDPGRGPVFLLLIR.EN...E.K.EK.R.K.ERLKVTFDTTLKQSLFHITASQPADSATYLC	
TRAV7*01	A	20;22;24;32;34;46;47;48;63;72;85;86;87	ENQVEHSPHFLGPQQGDVASMSCTYSVSRFNNLQWYRQNTGMGPKHLLSMYSAGYEKQKGRLNATLLKNGSSLYITAVQPEDSATYFC	ENQVEHSPHFLGPQQGDVASMSCTYSVS.RF..NNLQWYRQNTGMGPKHLLSMY..S...AGY.EK.Q.K.GRLNATLLK..NGSSLYITAVQPEDSATYFC	
TRAV8-1*01	A	20;22;24;32;34;46;47;48;64;75;88;89;90	AQSVSQHNHHVILSEAASLELGCNYSYGGTVNLFWYVQYPGQHLQLLLKYFSGDPLVKGIKGFEAEFIKSKFSFNLRKPSVQWSDTAEYFC	AQSVSQHNHHVILSEAASLELGCNYSYG.GT..VNLFWYVQYPGQHLQLLLKYF..S.G.D.P.LV.K.GIKGFEAEFIKSKFSFNLRKPSVQWSDTAEYFC	6vm7
TRAV8-2*01	A	20;22;24;32;34;46;47;48;64;75;88;89;90	AQSVTQLDSHVSVSEGTPVLLRCNYSSSYSPSLFWYVQHPNKGLQLLLKYTSAATLVKGINGFEAEFKKSETSFHLTKPSAHMSDAAEYFC	AQSVTQLDSHVSVSEGTPVLLRCNYSSS.YS..PSLFWYVQHPNKGLQLLLKYT..S.A.A.T.LV.K.GINGFEAEFKKSETSFHLTKPSAHMSDAAEYFC	
TRAV8-2*02	A	20;22;24;32;34;46;47;48;64;75;88;89;90	AQSVTQLSSHVSVSEGTPVLLRCNYSSSYSPSLFWYVQHPNKGLQLLLKYTSAATLVKGINGFEAEFKKSETSFHLTKPSAHMSDAAEYFC	AQSVTQLSSHVSVSEGTPVLLRCNYSSS.YS..PSLFWYVQHPNKGLQLLLKYT..S.A.A.T.LV.K.GINGFEAEFKKSETSFHLTKPSAHMSDAAEYFC	
TRAV8-3*01	A	20;22;24;32;34;46;47;48;64;75;88;89;90	AQSVTQPDIHITVSEGASLELRCNYSYGATPYLFWYVQSPGQGLQLLLKYFSGDTLVQGIKGFEAEFKRSQSSFNLRKPSVHWSDAAEYFC	AQSVTQPDIHITVSEGASLELRCNYSYG.AT..PYLFWYVQSPGQGLQLLLKYF..S.G.D.T.LV.Q.GIKGFEAEFKRSQSSFNLRKPSVHWSDAAEYFC	6u3n
TRAV8-3*02	A	20;22;24;32;34;46;47;48;64;75;88;89;90	AQSVTQPDIHITVSEGASLELRCNYSYGATPYLFWYVQSPGQGLQLLLKYFSGDTLVQGIKGFEAEFKRSQSSFNLRKPSVHWSDAAEYFC	AQSVTQPDIHITVSEGASLELRCNYSYG.AT..PYLFWYVQSPGQGLQLLLKYF..S.G.D.T.LV.Q.GIKGFEAEFKRSQSSFNLRKPSVHWSDAAEYFC	
TRAV8-3*03	A	20;22;24;32;34;46;47;48;64;75;88;89;90	AQSVTQPDIHITVSEGASLELRCNYSYGATPYLFWYVQSPGQGLQLLLKYFSGDTLVQGIKGFEAEFKRSQSSFNLRKPSVHWSDASEYFC	AQSVTQPDIHITVSEGASLELRCNYSYG.AT..PYLFWYVQSPGQGLQLLLKYF..S.G.D.T.LV.Q.GIKGFEAEFKRSQSSFNLRKPSVHWSDASEYFC	
TRAV8-4*01	A	20;22;24;32;34;46;47;48;64;75;88;89;90	AQSVTQLGSHVSVSEGALVLLRCNYSSSVPPYLFWYVQYPNQGLQLLLKYTSAATLVKGINGFEAEFKKSETSFHLTKPSAHMSDAAEYFC	AQSVTQLGSHVSVSEGALVLLRCNYSSS.VP..PYLFWYVQYPNQGLQLLLKYT..S.A.A.T.LV.K.GINGFEAEFKKSETSFHLTKPSAHMSDAAEYFC	1j8h
TRAV8-4*02	A	20;22;24;32;34;46;47;48;64;75;88;89;90	AQSVTQLGSHVSVSEGALVLLRCNYSSSVPPYLFWYVQYPNQGLQLLLKYTSAATLVKGINGFEAEFKKSETSFHLTKPSAHMSDAAEYFC	AQSVTQLGSHVSVSEGALVLLRCNYSSS.VP..PYLFWYVQYPNQGLQLLLKYT..S.A.A.T.LV.K.GINGFEAEFKKSETSFHLTKPSAHMSDAAEYFC	
TRAV8-4*03	A	20;22;24;32;34;46;47;48;64;75;88;89;90	AQSVTQLGSHVSVSEGALVLLRCNYSSSVPPYLFWYVQYPNQGLQLLLKYTTGATLVKGINGFEAEFKKSETSFHLTKPSAHMSDAAEYFC	AQSVTQLGSHVSVSEGALVLLRCNYSSS.VP..PYLFWYVQYPNQGLQLLLKYT..T.G.A.T.LV.K.GINGFEAEFKKSETSFHLTKPSAHMSDAAEYFC	
TRAV8-4*04	A	20;22;24;32;34;46;47;48;64;75;88;89;90	AQSVTQLGSHVSVSERALVLLRCNYSSSVPPYLFWYVQYPNQGLQLLLKYTSAATLVKGINGFEAEFKKSETSFHLTKPSAHMSDAAEYFC	AQSVTQLGSHVSVSERALVLLRCNYSSS.VP..PYLFWYVQYPNQGLQLLLKYT..S.A.A.T.LV.K.GINGFEAEFKKSETSFHLTKPSAHMSDAAEYFC	
TRAV8-4*05	A	20;22;24;32;34;46;47;48;64;75;88;89;90	AQSVTQLGSHVSVSEGALVLLRCNYSSSVPPYLFWYVQYPNQGLQLLLKYTSAATLVKGINGFEAEFKKSETSFHLTKPSAHMSDAAEYFC	AQSVTQLGSHVSVSEGALVLLRCNYSSS.VP..PYLFWYVQYPNQGLQLLLKYT..S.A.A.T.LV.K.GINGFEAEFKKSETSFHLTKPSAHMSDAAEYFC	
TRAV8-6*01	A	20;22;24;32;34;46;47;48;64;75;88;89;90	AQSVTQLDSQVPVFEEAPVELRCNYSSSVSVYLFWYVQYPNQGLQLLLKYLSGSTLVESINGFEAEFNKSQTSFHLRKPSVHISDTAEYFC	AQSVTQLDSQVPVFEEAPVELRCNYSSS.VS..VYLFWYVQYPNQGLQLLLKYL..S.G.S.T.LV.E.SINGFEAEFNKSQTSFHLRKPSVHISDTAEYFC	
TRAV8-6*02	A	20;22;24;32;34;46;47;48;64;75;88;89;90	AQSVTQLDSQVPVFEEAPVELRCNYSSSVSVYLFWYVQYPNQGLQLLLKYLSGSTLVKGINGFEAEFNKSQTSFHLRKPSVHISDTAEYFC	AQSVTQLDSQVPVFEEAPVELRCNYSSS.VS..VYLFWYVQYPNQGLQLLLKYL..S.G.S.T.LV.K.GINGFEAEFNKSQTSFHLRKPSVHISDTAEYFC	
TRAV8-7*01	A	20;22;24;32;34;46;47;48;64;75;88;89;90	TQSVTQLDGHITVSEEAPLELKCNYSYSGVPSLFWYVQYSSQSLQLLLKDLTEATQVKGIRGFEAEFKKSETSFYLRKPSTHVSDAAEYFC	TQSVTQLDGHITVSEEAPLELKCNYSYS.GV..PSLFWYVQYSSQSLQLLLKDL..T.E.A.T.QV.K.GIRGFEAEFKKSETSFYLRKPSTHVSDAAEYFC	
TRAV9-1*01	A	20;22;24;32;34;46;47;48;63;74;87;88;89	GDSVVQTEGQVLPSEGDSLIVNCSYETTQYPSLFWYVQYPGEGPQLHLKAMKANDKGRNKGFEAMYRKETTSFHLEKDSVQESDSAVYFC	GDSVVQTEGQVLPSEGDSLIVNCSYETT.QY..PSLFWYVQYPGEGPQLHLKAM..KA....NDKG.R..NKGFEAMYRKETTSFHLEKDSVQESDSAVYFC	
TRAV9-2*01	A	20;22;24;32;34;46;47;48;63;74;87;88;89	GNSVTQMEGPVTLSEEAFLTINCTYTATGYPSLFWYVQYPGEGLQLLLKATKADDKGSNKGFEATYRKETTSFHLEKGSVQVSDSAVYFC	GNSVTQMEGPVTLSEEAFLTINCTYTAT.GY..PSLFWYVQYPGEGLQLLLKAT..KA....DDKG.S..NKGFEATYRKETTSFHLEKGSVQVSDSAVYFC	4qrp
TRAV9-2*02	A	20;22;24;32;34;46;47;48;63;74;87;88;89	GDSVTQMEGPVTLSEEAFLTINCTYTATGYPSLFWYVQYPGEGLQLLLKATKADDKGSNKGFEATYRKETTSFHLEKGSVQVSDSAVYFC	GDSVTQMEGPVTLSEEAFLTINCTYTAT.GY..PSLFWYVQYPGEGLQLLLKAT..KA....DDKG.S..NKGFEATYRKETTSFHLEKGSVQVSDSAVYFC	
TRAV9-2*03	A	20;22;24;32;34;46;47;48;63;74;87;88;89	GDSVTQMEGPVTLSEEAFLTINCTYTATGYPSLFWYVQYPGEGLQLLLKATKADDKGSNKGFEATYRKETTSFHLEKGSVQVSDSAVYFC	GDSVTQMEGPVTLSEEAFLTINCTYTAT.GY..PSLFWYVQYPGEGLQLLLKAT..KA....DDKG.S..NKGFEATYRKETTSFHLEKGSVQVSDSAVYFC	
TRAV9-2*04	A	20;22;24;32;34;46;47;48;63;74;87;88;89	GNSVTQMEGPVTLSEEAFLTINCTYTATGYPSLFWYVQYPGEGLQLLLKATKADDKGSNKGFEATYRKETTSFHLEKGSVQVSDSAVYFC	GNSVTQMEGPVTLSEEAFLTINCTYTAT.GY..PSLFWYVQYPGEGLQLLLKAT..KA....DDKG.S..NKGFEATYRKETTSFHLEKGSVQVSDSAVYFC	
TRBV1*01	B	20;22;24;30;32;44;45;46;64;74;87;88;89	DTGITQTPKYLVTAMGSKRTMKREHLGHDSMYWYRQKAKKSLEFMFYYNCKEFIENKTVPNHFTPECPDSSRLYLHVVALQQEDSAAYLC	DTGITQTPKYLVTAMGSKRTMKREHL.GH..DSMYWYRQKA.KKSLEFMFYYNCK.E.FIENKT...VP.NHFTPECPDSSRLYLHVVA..LQQEDSAAYLC	
TRBV10-1*01	B	20;22;24;31;33;45;46;47;65;75;88;89;90	DAEITQSPRHKITETGRQVTLACHQTWNHNNMFWYRQDLGHGLRLIHYSYGVQDTNKGEVSDGYSVSRSNTEDLPLTLESAASSQTSVYFC	DAEITQSPRHKITETGRQVTLACHQT.WNH.NNMFWYRQDL.GHGLRLIHYSYGVQD.T.NKGE..VSD..GYSVSRSNTEDLPLTLES..AASSQTSVYFC	
TRBV10-1*02	B	20;22;24;31;33;45;46;47;65;75;88;89;90	DAEITQSPRHKITETGRQVTLACHQTWNHNNMFWYRQDLGHGLRLIHYSYGVHDTNKGEVSDGYSVSRSNTEDLPLTLESAASSQTSVYFC	DAEITQSPRHKITETGRQVTLACHQT.WNH.NNMFWYRQDL.GHGLRLIHYSYGVHD.T.NKGE..VSD..GYSVSRSNTEDLPLTLES..AASSQTSVYFC	
TRBV10-2*01	B	20;22;24;31;33;45;46;47;65;75;88;89;90	DAGITQSPRYKITETGRQVTLMCHQTWSHSYMFWYRQDLGHGLRLIYYSAAADITDKGEVPDGYVVSRSKTENFPLTLESATRSQTSVYFC	DAGITQSPRYKITETGRQVTLMCHQT.WSH.SYMFWYRQDL.GHGLRLIYYSAAADI.T.DKGE..VPD..GYVVSRSKTENFPLTLES..ATRSQTSVYFC	6uon
TRBV10-3*01	B	20;22;24;31;33;45;46;47;65;75;88;89;90	DAGITQSPRHKVTETGTPVTLRCHQTENHRYMYWYRQDPGHGLRLIHYSYGVKDTDKGEVSDGYSVSRSKTEDFLLTLESATSSQTSVYFC	DAGITQSPRHKVTETGTPVTLRCHQT.ENH.RYMYWYRQDP.GHGLRLIHYSYGVKD.T.DKGE..VSD..GYSVSRSKTEDFLLTLES..ATSSQTSVYFC	3qeq
TRBV10-3*02	B	20;22;24;31;33;45;46;47;65;75;88;89;90	DAGITQSPRHKVTETGTPVTLRCHQTENHRYMYWYRQDPGHGLRLIHYSYGVKDTDKGEVSDGYSVSRSKTEDFLLTLESATSSQTSVYFC	DAGITQSPRHKVTETGTPVTLRCHQT.ENH.RYMYWYRQDP.GHGLRLIHYSYGVKD.T.DKGE..VSD..GYSVSRSKTEDFLLTLES..ATSSQTSVYFC	
TRBV10-3*03	B	20;22;24;31;33;45;46;47;65;75;88;89;90	DAGITQSPRHKVTETGTPVTLRCHQTENHRYMYWYRQDPGHGLRLIHYSYGVKDTDKGEVSDGYSVSRSKTEDFLLTLESATSSQTSVYFC	DAGITQSPRHKVTETGTPVTLRCHQT.ENH.RYMYWYRQDP.GHGLRLIHYSYGVKD.T.DKGE..VSD..GYSVSRSKTEDFLLTLES..ATSSQTSVYFC	
TRBV10-3*04	B	20;22;24;31;33;45;46;47;65;75;88;89;90	DAGITQSPRHKVTETGTPVTLRCHQTENHRYMYWYRQDPGHGLRLIHYSYGVKDTDKGEVSDGYSVSRSKTEDFLLTLESATSSQTSVYFC	DAGITQSPRHKVTETGTPVTLRCHQT.ENH.RYMYWYRQDP.GHGLRLIHYSYGVKD.T.DKGE..VSD..GYSVSRSKTEDFLLTLES..ATSSQTSVYFC	
TRBV11-1*01	B	20;22;24;31;33;45;46;47;66;76;89;90;91	EAEVAQSPRYKITEKSQAVAFWCDPISGHATLYWYRQILGQGPELLVQFQDESVVDDSQLPKDRFSAERLKGVDSTLKIQPAELGDSAMYLC	EAEVAQSPRYKITEKSQAVAFWCDPI.SGH.ATLYWYRQIL.GQGPELLVQFQDE.S.VVDDSQ..LPK.DRFSAERLKGVDSTLKIQP..AELGDSAMYLC	
TRBV11-2*01	B	20;22;24;31;33;45;46;47;66;76;89;90;91	EAGVAQSPRYKIIEKRQSVAFWCNPISGHATLYWYQQILGQGPKLLIQFQNNGVVDDSQLPKDRFSAERLKGVDSTLKIQPAKLEDSAVYLC	EAGVAQSPRYKIIEKRQSVAFWCNPI.SGH.ATLYWYQQIL.GQGPKLLIQFQNN.G.VVDDSQ..LPK.DRFSAERLKGVDSTLKIQP..AKLEDSAVYLC	5wkf
TRBV11-2*02	B	20;22;24;31;33;45;46;47;66;76;89;90;91	EAGVAQSPRYKIIEKRQSVAFWCNPISGHATLYWYQQILGQGPKLLIQFQNNGVVDDSQLPKDRFSAERLKGVDSTLKIQPAKLENSAVYLC	EAGVAQSPRYKIIEKRQSVAFWCNPI.SGH.ATLYWYQQIL.GQGPKLLIQFQNN.G.VVDDSQ..LPK.DRFSAERLKGVDSTLKIQP..AKLENSAVYLC	
TRBV11-2*03	B	20;22;24;31;33;45;46;47;66;76;89;90;91	EAGVAQSPRYKIIEKRQSVAFWCNPISGHATLYWYQQILGQGPKLLIQFQNNGVVDDSQLPKDRFSAERLKGVDSTLKIQPAKLEDSAVYLC	EAGVAQSPRYKIIEKRQSVAFWCNPI.SGH.ATLYWYQQIL.GQGPKLLIQFQNN.G.VVDDSQ..LPK.DRFSAERLKGVDSTLKIQP..AKLEDSAVYLC	
TRBV11-3*01	B	20;22;24;31;33;45;46;47;66;76;89;90;91	EAGVVQSPRYKIIEKKQPVAFWCNPISGHNTLYWYLQNLGQGPELLIRYENEEAVDDSQLPKDRFSAERLKGVDSTLKIQPAELGDSAVYLC	EAGVVQSPRYKIIEKKQPVAFWCNPI.SGH.NTLYWYLQNL.GQGPELLIRYENE.E.AVDDSQ..LPK.DRFSAERLKGVDSTLKIQP..AELGDSAVYLC	
TRBV11-3*02	B	20;22;24;31;33;45;46;47;66;76;89;90;91	EAGVVQSPRYKIIEKKQPVAFWCNPISGHNTLYWYRQNLGQGPELLIRYENEEAVDDSQLPKDRFSAERLKGVDSTLKIQPAELGDSAVYLC	EAGVVQSPRYKIIEKKQPVAFWCNPI.SGH.NTLYWYRQNL.GQGPELLIRYENE.E.AVDDSQ..LPK.DRFSAERLKGVDSTLKIQP..AELGDSAVYLC	
TRBV11-3*03	B	14;16;18;25;27;39;40;41;60;70;83;84;85	SPRYKIIEKKQPVAFWCNPISGHNTLYWYLQNLGQGPELLIRYENEEAVDDSQLPKDRFSAERLKGVDSTLKIQPAELGDSAMYLC	......SPRYKIIEKKQPVAFWCNPI.SGH.NTLYWYLQNL.GQGPELLIRYENE.E.AVDDSQ..LPK.DRFSAERLKGVDSTLKIQP..AELGDSAMYLC	
TRBV12-3*01	B	20;22;24;31;33;45;46;47;66;76;89;90;91	DAGVIQSPRHEVTEMGQEVTLRCKPISGHNSLFWYRQTMMRGLELLIYFNNNVPIDDSGMPEDRFSAKMPNASFSTLKIQPSEPRDSAVYFC	DAGVIQSPRHEVTEMGQEVTLRCKPI.SGH.NSLFWYRQTM.MRGLELLIYFNNN.V.PIDDSG..MPE.DRFSAKMPNASFSTLKIQP..SEPRDSAVYFC	6uk4
TRBV12-4*01	B	20;22;24;31;33;45;46;47;66;76;89;90;91	DAGVIQSPRHEVTEMGQEVTLRCKPISGHDYLFWYRQTMMRGLELLIYFNNNVPIDDSGMPEDRFSAKMPNASFSTLKIQPSEPRDSAVYFC	DAGVIQSPRHEVTEMGQEVTLRCKPI.SGH.DYLFWYRQTMM.RGLELLIYFNNN.V.PIDDSG..MPE.DRFSAKMPNASFSTLKIQP..SEPRDSAVYFC	3uts
TRBV12-4*02	B	20;22;24;31;33;45;46;47;66;76;89;90;91	DAGVIQSPRHEVTEMGQEVTLRCKPISGHDYLFWYRQTMMRGLELLIYFNNNVPIDDSGMPEDRFSAKMPNASFSTLRIQPSEPRDSAVYFC	DAGVIQSPRHEVTEMGQEVTLRCKPI.SGH.DYLFWYRQTMM.RGLELLIYFNNN.V.PIDDSG..MPE.DRFSAKMPNASFSTLRIQP..SEPRDSAVYFC	
TRBV12-5*01	B	20;22;24;31;33;45;46;47;66;76;89;90;91	DARVTQTPRHKVTEMGQEVTMRCQPILGHNTVFWYRQTMMQGLELLAYFRNRAPLDDSGMPKDRFSAEMPDATLATLKIQPSEPRDSAVYFC	DARVTQTPRHKVTEMGQEVTMRCQPI.LGH.NTVFWYRQTM.MQGLELLAYFRNR.A.PLDDSG..MPK.DRFSAEMPDATLATLKIQP..SEPRDSAVYFC	
TRBV13*01	B	20;22;24;31;33;45;46;47;65;75;88;89;90	AAGVIQSPRHLIKEKRETATLKCYPIPRHDTVYWYQQGPGQDPQFLISFYEKMQSDKGSIPDRFSAQQFSDYHSELNMSSLELGDSALYFC	AAGVIQSPRHLIKEKRETATLKCYPI.PRH.DTVYWYQQGP.GQDPQFLISFYEK.M.QSDKGS...IP.DRFSAQQFSDYHSELNMSS..LELGDSALYFC	
TRBV13*02	B	20;22;24;31;33;45;46;47;65;75;88;89;90	AAGVIQSPRHLIREKRETATLKCYPIPRHDTVYWYQQGPGQDPQFFISFYEKMQSDKGSIPDRFSAQQFSDYHSELNMSSLELGDSALYFC	AAGVIQSPRHLIREKRETATLKCYPI.PRH.DTVYWYQQGP.GQDPQFFISFYEK.M.QSDKGS...IP.DRFSAQQFSDYHSELNMSS..LELGDSALYFC	
TRBV14*01	B	20;22;24;31;33;45;46;47;66;76;89;90;91	EAGVTQFPSHSVIEKGQTVTLRCDPISGHDNLYWYRRVMGKEIKFLLHFVKESKQDESGMPNNRFLAERTGGTYSTLKVQPAELEDSGVYFC	EAGVTQFPSHSVIEKGQTVTLRCDPI.SGH.DNLYWYRRVMG.KEIKFLLHFVKE.S.KQDESG..MPN.NRFLAERTGGTYSTLKVQP..AELEDSGVYFC	2esv
TRBV14*02	B	20;22;24;31;33;45;46;47;66;76;89;90;91	EAGVTQFPSHSVIEKGQTVTLRCDPISGHDNLYWYRRVMGKEIKFLLHFVKESKQDESGMPNNRFLAERTGGTYSTLKVQPAELEDSGVYFC	EAGVTQFPSHSVIEKGQTVTLRCDPI.SGH.DNLYWYRRVMG.KEIKFLLHFVKE.S.KQDESG..MPN.NRFLAERTGGTYSTLKVQP..AELEDSGVYFC	
TRBV15*01	B	20;22;24;31;33;45;46;47;65;75;88;89;90	DAMVIQNPRYQVTQFGKPVTLSCSQTLNHNVMYWYQQKSSQAPKLLFHYYDKDFNNEADTPDNFQSRRPNTSFCFLDIRSPGLGDTAMYLC	DAMVIQNPRYQVTQFGKPVTLSCSQT.LNH.NVMYWYQQKS.SQAPKLLFHYYDK.D.FNNEAD...TP.DNFQSRRPNTSFCFLDIRS..PGLGDTAMYLC	
TRBV15*02	B	20;22;24;31;33;45;46;47;65;75;88;89;90	DAMVIQNPRYQVTQFGKPVTLSCSQTLNHNVMYWYQQKSSQAPKLLFHYYDKDFNNEADTPDNFQSRRPNTSFCFLDIRSPGLGDAAMYLC	DAMVIQNPRYQVTQFGKPVTLSCSQT.LNH.NVMYWYQQKS.SQAPKLLFHYYDK.D.FNNEAD...TP.DNFQSRRPNTSFCFLDIRS..PGLGDAAMYLC	
TRBV15*03	B	20;22;24;31;33;45;46;47;65;75;88;89;90	DAMVIQNPRYRVTQFGKPVTLSCSQTLNHNVMYWYQQKSSQAPKLLFHYYNKDFNNEADTPDNFQSRRPNTSFCFLDIRSPGLGDAAMYQC	DAMVIQNPRYRVTQFGKPVTLSCSQT.LNH.NVMYWYQQKS.SQAPKLLFHYYNK.D.FNNEAD...TP.DNFQSRRPNTSFCFLDIRS..PGLGDAAMYQC	
TRBV16*01	B	20;22;24;31;33;45;46;47;66;76;89;90;91	GEEVAQTPKHLVRGEGQKAKLYCAPIKGHSYVFWYQQVLKNEFKFLISFQNENVFDETGMPKERFSAKCLPNSPCSLEIQATKLEDSAVYFC	GEEVAQTPKHLVRGEGQKAKLYCAPI.KGH.SYVFWYQQVL.KNEFKFLISFQNE.N.VFDETG..MPK.ERFSAKCLPNSPCSLEIQA..TKLEDSAVYFC	
TRBV16*03	B	20;22;24;31;33;45;46;47;66;76;89;90;91	GEEVAQTPKHLVRGEGQKAKLYCAPIKGHSYVFWYQQVLKNEFKFLVSFQNENVFDETGMPKERFSAKCLPNSPCSLEIQATKLEDSAVYFC	GEEVAQTPKHLVRGEGQKAKLYCAPI.KGH.SYVFWYQQVL.KNEFKFLVSFQNE.N.VFDETG..MPK.ERFSAKCLPNSPCSLEIQA..TKLEDSAVYFC	
TRBV18*01	B	20;22;24;31;33;45;46;47;66;76;89;90;91	NAGVMQNPRHLVRRRGQEARLRCSPMKGHSHVYWYRQLPEEGLKFMVYLQKENIIDESGMPKERFSAEFPKEGPSILRIQQVVRGDSAAYFC	NAGVMQNPRHLVRRRGQEARLRCSPM.KGH.SHVYWYRQLP.EEGLKFMVYLQKE.N.IIDESG..MPK.ERFSAEFPKEGPSILRIQQ..VVRGDSAAYFC	
TRBV19*01	B	20;22;24;31;33;45;46;47;65;75;88;89;90	DGGITQSPKYLFRKEGQNVTLSCEQNLNHDAMYWYRQDPGQGLRLIYYSQIVNDFQKGDIAEGYSVSREKKESFPLTVTSAQKNPTAFYLC	DGGITQSPKYLFRKEGQNVTLSCEQN.LNH.DAMYWYRQDP.GQGLRLIYYSQIVND.F.QKGD..IAE..GYSVSREKKESFPLTVTSAQ.K.NPTAFYLC	2vlj
TRBV19*02	B	20;22;24;31;33;45;46;47;65;75;88;89;90	DGGITQSPKYLFRKEGQNVTLSCEQNLNHDAMYWYRQVPGQGLRLIYYSHIVNDFQKGDIAEGYSVSREKKESFPLTVTSAQKNPTAFYLC	DGGITQSPKYLFRKEGQNVTLSCEQN.LNH.DAMYWYRQVP.GQGLRLIYYSHIVND.F.QKGD..IAE..GYSVSREKKESFPLTVTSAQ.K.NPTAFYLC	
TRBV19*03	B	20;22;24;31;33;45;46;47;65;75;88;89;90	DGGITQSPKYLFRKEGQNVTLSCEQNLNHDAMYWYRQDPGQGLRLIYYSHIVNDFQKGDIAEGYSVSREKKESFPLTVTSAQKNPTAFYLC	DGGITQSPKYLFRKEGQNVTLSCEQN.LNH.DAMYWYRQDP.GQGLRLIYYSHIVND.F.QKGD..IAE..GYSVSREKKESFPLTVTSAQ.K.NPTAFYLC	
TRBV2*01	B	20;22;24;31;33;45;46;47;66;76;89;90;91	EPEVTQTPSHQVTQMGQEVILRCVPISNHLYFYWYRQILGQKVEFLVSFYNNEISEKSEIFDDQFSVERPDGSNFTLKIRSTKLEDSAMYFC	EPEVTQTPSHQVTQMGQEVILRCVPI.SNH.LYFYWYRQIL.GQKVEFLVSFYNN.E.ISEKSE...IFDDQFSVERPDGSNFTLKIRS..TKLEDSAMYFC	6cqn
TRBV2*02	B	20;22;24;31;33;45;46;47;66;76;89;90;91	EPEVTQTPSHQVTQMGQEVILHCVPISNHLYFYWYRQILGQKVEFLVSFYNNEISEKSEIFDDQFSVERPDGSNFTLKIRSTKLEDSAMYFC	EPEVTQTPSHQVTQMGQEVILHCVPI.SNH.LYFYWYRQIL.GQKVEFLVSFYNN.E.ISEKSE...IFDDQFSVERPDGSNFTLKIRS..TKLEDSAMYFC	
TRBV2*03	B	20;22;24;31;33;45;46;47;66;76;89;90;91	EPEVTQTPSHQVTQMGQEVILRCVPISNHLYFYWYRQILGQKVEFLVSFYNNEISEKSEIFDDQFSVERPDGSNFTLKIRSTKLEDSAMYFC	EPEVTQTPSHQVTQMGQEVILRCVPI.SNH.LYFYWYRQIL.GQKVEFLVSFYNN.E.ISEKSE...IFDDQFSVERPDGSNFTLKIRS..TKLEDSAMYFC	
TRBV20-1*01	B	20;22;24;32;34;46;47;48;68;78;91;92;93	GAVVSQHPSWVICKSGTSVKIECRSLDFQATTMFWYRQFPKQSLMLMATSNEGSKATYEQGVEKDKFLINHASLTLSTLTVTSAHPEDSSFYIC	GAVVSQHPSWVICKSGTSVKIECRSLDFQA.TTMFWYRQFP.KQSLMLMATSNEG.SKA.TYEQ..GVEKDKFLINHASLTLSTLTVTS..AHPEDSSFYIC	3o6f
TRBV20-1*02	B	20;22;24;32;34;46;47;48;68;78;91;92;93	GAVVSQHPSRVICKSGTSVKIECRSLDFQATTMFWYRQFPKQSLMLMATSNEGSKATYEQGVEKDKFLINHASLTLSTLTVTSAHPEDSSFYIC	GAVVSQHPSRVICKSGTSVKIECRSLDFQA.TTMFWYRQFP.KQSLMLMATSNEG.SKA.TYEQ..GVEKDKFLINHASLTLSTLTVTS..AHPEDSSFYIC	
TRBV20-1*03	B	20;22;24;32;34;46;47;48;68;78;91;92;93	GAVVSQHPSWVICKSGTSVKIECRSLDFQATTMFWYRQFPKQSLMLMATSNEGCKATYEQGVEKDKFLINHASLTLSTLTVTSAHPEDSSFYIC	GAVVSQHPSWVICKSGTSVKIECRSLDFQA.TTMFWYRQFP.KQSLMLMATSNEG.CKA.TYEQ..GVEKDKFLINHASLTLSTLTVTS..AHPEDSSFYIC	
TRBV20-1*04	B	20;22;24;32;34;46;47;48;68;78;91;92;93	GAVVSQHPSRVICKSGTSVKIECRSLDFQATTMFWYRQFPKKSLMLMATSNEGSKATYEQGVEKDKFLINHASLTLSTLTVTSAHPEDSSFYIC	GAVVSQHPSRVICKSGTSVKIECRSLDFQA.TTMFWYRQFP.KKSLMLMATSNEG.SKA.TYEQ..GVEKDKFLINHASLTLSTLTVTS..AHPEDSSFYIC	
TRBV20-1*05	B	20;22;24;32;34;46;47;48;68;78;91;92;93	GAVVSQHPSRVICKSGTSVKIECRSLDFQATTMFWYRQFPKKSLMLMATSNEGSKATYEQGVEKDKFLINHASLTLSTLTVTSAHPEDSSFYIC	GAVVSQHPSRVICKSGTSVKIECRSLDFQA.TTMFWYRQFP.KKSLMLMATSNEG.SKA.TYEQ..GVEKDKFLINHASLTLSTLTVTS..AHPEDSSFYIC	
TRBV20-1*06	B	20;22;24;32;34;46;47;48;68;78;91;92;93	GAVVSQHPSRVICKSGTSVKIECRSLDFQATTMFWYRQFPKKSLMLMATSNEGSKATYEQGVEKDKFLINHASLTLSTLTVTSAHPEDSSFYIC	GAVVSQHPSRVICKSGTSVKIECRSLDFQA.TTMFWYRQFP.KKSLMLMATSNEG.SKA.TYEQ..GVEKDKFLINHASLTLSTLTVTS..AHPEDSSFYIC	
TRBV20-1*07	B	20;22;24;32;34;46;47;48;68;78;91;92;93	GAVVSQHPSRVICKSGTSVKIECRSLDFQATTMFWYRQFPKKSLMQIATSNEGSKATYEQGVEKDKFLINHASLTLSTLTVTSAHPEDSSFYIC	GAVVSQHPSRVICKSGTSVKIECRSLDFQA.TTMFWYRQFP.KKSLMQIATSNEG.SKA.TYEQ..GVEKDKFLINHASLTLSTLTVTS..AHPEDSSFYIC	
TRBV20/OR9-2*01	B	20;22;24;32;34;46;47;48;68;78;91;92;93	SAVVSQHPSRVICKSGTSVNIECRSLDFQATTMFWYRQLRKQSLMLMATSNEGSEVTYEQGVKKDKFPINHPNLTFSALTVTSAHPEDSSFYIC	SAVVSQHPSRVICKSGTSVNIECRSLDFQA.TTMFWYRQLR.KQSLMLMATSNEG.SEV.TYEQ..GVKKDKFPINHPNLTFSALTVTS..AHPEDSSFYIC	
TRBV20/OR9-2*02	B	20;22;24;32;34;46;47;48;68;78;91;92;93	GAVVSQHPSRVICKSGTSVNIECRSLDFQATTMFWYRQLRKQSLMLMAASNEGSEVTYEQGVKKDKFPINHPNLTFSALTVTCAHPEDSSFYIC	GAVVSQHPSRVICKSGTSVNIECRSLDFQA.TTMFWYRQLR.KQSLMLMAASNEG.SEV.TYEQ..GVKKDKFPINHPNLTFSALTVTC..AHPEDSSFYIC	
TRBV20/OR9-2*03	B	20;22;24;32;34;46;47;48;68;78;91;92;93	SAVVSQHPSRVICKSGTSVNIECRSLDFQATTMFWYRQLRKQSLMLMAASNEGSEVTYEQGVKKDKFPINHPNLTFSALTVTSAHPEDSSFYIC	SAVVSQHPSRVICKSGTSVNIECRSLDFQA.TTMFWYRQLR.KQSLMLMAASNEG.SEV.TYEQ..GVKKDKFPINHPNLTFSALTVTS..AHPEDSSFYIC	
TRBV21-1*01	B	20;22;24;31;33;45;46;47;66;76;89;90;91	DTKVTQRPRLLVKASEQKAKMDCVPIKAHSYVYWYRKKLEEELKFLVYFQNEELIQKAEIINERFLAQCSKNSSCTLEIQSTESGDTALYFC	DTKVTQRPRLLVKASEQKAKMDCVPI.KAH.SYVYWYRKKL.EEELKFLVYFQNE.E.LIQK.AEI.IN.ERFLAQCSKNSSCTLEIQS..TESGDTALYFC	
TRBV21/OR9-2*01	B	20;22;24;31;33;45;46;47;66;76;89;90;91	DTKVTQRPRFLVKANEQKAKMDCVPIKRHSYVYWYHKTLEEELKFFIYFQNEEIIQKAEIINERFSAQCPQNSPCTLEIQSTESGDTARYFC	DTKVTQRPRFLVKANEQKAKMDCVPI.KRH.SYVYWYHKTL.EEELKFFIYFQNE.E.IIQK.AEI.IN.ERFSAQCPQNSPCTLEIQS..TESGDTARYFC	
TRBV23-1*01	B	20;22;24;31;33;45;46;47;66;76;89;90;91	HAKVTQTPGHLVKGKGQKTKMDCTPEKGHTFVYWYQQNQNKEFMLLISFQNEQVLQETEMHKKRFSSQCPKNAPCSLAILSSEPGDTALYLC	HAKVTQTPGHLVKGKGQKTKMDCTPE.KGH.TFVYWYQQNQ.NKEFMLLISFQNE.Q.VLQETE..MHK.KRFSSQCPKNAPCSLAILS..SEPGDTALYLC	
TRBV23/OR9-2*01	B	20;22;24;31;33;45;46;47;66;76;89;90;91	HAKVTQTPGYLVKGKGRKTKMYCTPKNGHTFVCWYQQNQNKEFMFLISFQNEQVLQEMEMHKKRFSSQCPKNPPCSLAILSSEPGDTALYLC	HAKVTQTPGYLVKGKGRKTKMYCTPK.NGH.TFVCWYQQNQ.NKEFMFLISFQNE.Q.VLQE.MEM.HK.KRFSSQCPKNPPCSLAILS..SEPGDTALYLC	
TRBV24-1*01	B	20;22;24;31;33;45;46;47;65;75;88;89;90	DADVTQTPRNRITKTGKRIMLECSQTKGHDRMYWYRQDPGLGLRLIYYSFDVKDINKGEISDGYSVSRQAQAKFSLSLESAIPNQTALYFC	DADVTQTPRNRITKTGKRIMLECSQT.KGH.DRMYWYRQDP.GLGLRLIYYSFDVKD.I.NKGE..ISD..GYSVSRQAQAKFSLSLES..AIPNQTALYFC	6frb
TRBV24/OR9-2*01	B	20;22;24;31;33;45;46;47;65;75;88;89;90	DADVTQTPRNRITKTGKRIMLECSQTKGHDRMYWYRQDPGLGLQLIYYSFDVKDINKGEISDGYSVSRQAQAKFSLSLESAIPNQTALYFC	DADVTQTPRNRITKTGKRIMLECSQT.KGH.DRMYWYRQDP.GLGLQLIYYSFDVKD.I.NKGE..ISD..GYSVSRQAQAKFSLSLES..AIPNQTALYFC	
TRBV25-1*01	B	20;22;24;31;33;45;46;47;65;75;88;89;90	EADIYQTPRYLVIGTGKKITLECSQTMGHDKMYWYQQDPGMELHLIHYSYGVNSTEKGDLSSESTVSRIRTEHFPLTLESARPSHTSQYLC	EADIYQTPRYLVIGTGKKITLECSQT.MGH.DKMYWYQQDP.GMELHLIHYSYGVNS.T.EKGD..LSS..ESTVSRIRTEHFPLTLES..ARPSHTSQYLC	5yxn
TRBV27*01	B	20;22;24;31;33;45;46;47;65;75;88;89;90	EAQVTQNPRYLITVTGKKLTVTCSQNMNHEYMSWYRQDPGLGLRQIYYSMNVEVTDKGDVPEGYKVSRKEKRNFPLILESPSPNQTSLYFC	EAQVTQNPRYLITVTGKKLTVTCSQN.MNH.EYMSWYRQDP.GLGLRQIYYSMNVEV.T.DKGD..VPE..GYKVSRKEKRNFPLILES..PSPNQTSLYFC	6vqo
TRBV28*01	B	20;22;24;31;33;45;46;47;65;75;88;89;90	DVKVTQSSRYLVKRTGEKVFLECVQDMDHENMFWYRQDPGLGLRLIYFSYDVKMKEKGDIPEGYSVSREKKERFSLILESASTNQTSMYLC	DVKVTQSSRYLVKRTGEKVFLECVQD.MDH.ENMFWYRQDP.GLGLRLIYFSYDVKM.K.EKGD..IPE..GYSVSREKKERFSLILES..ASTNQTSMYLC	6tro
TRBV29-1*01	B	20;22;24;31;33;45;46;47;67;77;90;91;92	SAVISQKPSRDICQRGTSLTIQCQVDSQVTMMFWYRQQPGQSLTLIATANQGSEATYESGFVIDKFPISRPNLTFSTLTVSNMSPEDSSIYLC	SAVISQKPSRDICQRGTSLTIQCQVD.SQV.TMMFWYRQQP.GQSLTLIATANQG.SEA.TYES..GFVIDKFPISRPNLTFSTLTVSN..MSPEDSSIYLC	6rpa
TRBV29-1*02	B	20;22;24;31;33;45;46;47;67;77;90;91;92	SAVISQKPSRDICQRGTSLTIQCQVDSQVTMMFWYRQQPGQSLTLIATANQGSEATYESGFVIDKFPISRPNLTFSSLTVSNMSPEDSSIYLC	SAVISQKPSRDICQRGTSLTIQCQVD.SQV.TMMFWYRQQP.GQSLTLIATANQG.SEA.TYES..GFVIDKFPISRPNLTFSSLTVSN..MSPEDSSIYLC	
TRBV29-1*03	B	1;3;5;12;14;26;27;28;48;58;71;72;73	TIQCQVDSQVTMIFWYRQQPGQSLTLIATANQGSEATYESGFVIDKFPISRPNLTFSTLTVSNMSPEDSSIYLC	...................TIQCQVD.SQV.TMIFWYRQQP.GQSLTLIATANQG.SEA.TYES..GFVIDKFPISRPNLTFSTLTVSN..MSPEDSSIYLC	
TRBV29/OR9-2*01	B	20;22;24;31;33;45;46;47;67;77;90;91;92	SAVISQKPSRDICQRGTSMMIQCQVDSQVTMMFWYCQQPGQSLTLIATANQGSEATYESRFVIDKFPISRPNLTFSTLTVSNRRPEDSSIYLC	SAVISQKPSRDICQRGTSMMIQCQVD.SQV.TMMFWYCQQP.GQSLTLIATANQG.SEA.TYES..RFVIDKFPISRPNLTFSTLTVSN..RRPEDSSIYLC	
TRBV29/OR9-2*02	B	20;22;24;31;33;45;46;47;67;77;90;91;92	SAVISQKPSRDICQRGTSMMIQCQVDSQVTMMFWYCQQPGQSVTLIATANQGSEATYESRFVIDKFPISRPNLTFSTLTVSNRRPEDSSIYLC	SAVISQKPSRDICQRGTSMMIQCQVD.SQV.TMMFWYCQQP.GQSVTLIATANQG.SEA.TYES..RFVIDKFPISRPNLTFSTLTVSN..RRPEDSSIYLC	
TRBV3-1*01	B	20;22;24;31;33;45;46;47;65;75;88;89;90	DTAVSQTPKYLVTQMGNDKSIKCEQNLGHDTMYWYKQDSKKFLKIMFSYNNKELIINETVPNRFSPKSPDKAHLNLHINSLELGDSAVYFC	DTAVSQTPKYLVTQMGNDKSIKCEQN.LGH.DTMYWYKQDS.KKFLKIMFSYNNK.E.LIINET...VP.NRFSPKSPDKAHLNLHINS..LELGDSAVYFC	
TRBV3-1*02	B	20;22;24;31;33;45;46;47;65;75;88;89;90	DTAVSQTPKYLVTQMGNDKSIKCEQNLGHDTMYWYKQDSKKFLKIMFSYNNKEIIINETVPNRFSPKSPDKAKLNLHINSLELGDSAVYFC	DTAVSQTPKYLVTQMGNDKSIKCEQN.LGH.DTMYWYKQDS.KKFLKIMFSYNNK.E.IIINET...VP.NRFSPKSPDKAKLNLHINS..LELGDSAVYFC	
TRBV30*01	B	20;22;24;32;34;46;47;48;65;75;88;89;90	SQTIHQWPATLVQPVGSPLSLECTVEGTSNPNLYWYRQAAGRGLQLLFYSVGIGQISSEVPQNLSASRPQDRQFILSSKKLLLSDSGFYLC	SQTIHQWPATLVQPVGSPLSLECTVE.GTSNPNLYWYRQAA.GRGLQLLFYSVGIGQ.I.SSEV.P..Q..NLSASRPQDRQFILSSKK..LLLSDSGFYLC	4qok
TRBV30*02	B	20;22;24;32;34;46;47;48;65;75;88;89;90	SQTIHQWPATLVQPVGSPLSLECTVEGTSNPNLYWYRQAAGRGLQLLFYSVGIGQISSEVPQNLSASRPQDRQFILSSKKLLLSDSGFYLC	SQTIHQWPATLVQPVGSPLSLECTVE.GTSNPNLYWYRQAA.GRGLQLLFYSVGIGQ.I.SSEV.P..Q..NLSASRPQDRQFILSSKK..LLLSDSGFYLC	
TRBV30*04	B	18;20;22;30;32;44;45;46;63;73;86;87;88	TIHQWPATLVQPVGSPLSLECTVEGTSNPNLYWYRQAAGRGLQLLFYSIGIDQISSEVPQNLSASRPQDRQFILSSKKLLLSDSGFYLC	..TIHQWPATLVQPVGSPLSLECTVE.GTSNPNLYWYRQAA.GRGLQLLFYSIGIDQ.I.SSEV.P..Q..NLSASRPQDRQFILSSKK..LLLSDSGFYLC	
TRBV30*05	B	20;22;24;32;34;46;47;48;65;75;88;89;90	SQTIHQWPATLVQPVGSPLSLECTVEGTSNPNLYWYRQAAGRGLQLLFYSVGIGQISSEVPQNLSASRPQDRQFILSSKKLLLSDSGFYLC	SQTIHQWPATLVQPVGSPLSLECTVE.GTSNPNLYWYRQAA.GRGLQLLFYSVGIGQ.I.SSEV.P..Q..NLSASRPQDRQFILSSKK..LLLSDSGFYLC	
TRBV4-1*01	B	20;22;24;31;33;45;46;47;65;75;88;89;90	DTEVTQTPKHLVMGMTNKKSLKCEQHMGHRAMYWYKQKAKKPPELMFVYSYEKLSINESVPSRFSPECPNSSLLNLHLHALQPEDSALYLC	DTEVTQTPKHLVMGMTNKKSLKCEQH.MGH.RAMYWYKQKA.KKPPELMFVYSYE.K.LSINES...VP.SRFSPECPNSSLLNLHLHA..LQPEDSALYLC	3vxm
TRBV4-1*02	B	11;13;15;22;24;36;37;38;56;66;79;80;81	HLVMGMTNKKSLKCEQHMGHRAMYWYKQKAKKPPELMFVYSYEKLSINESVPSRFSPECPNSSLLNLHLHALQPEDSALYLC	.........HLVMGMTNKKSLKCEQH.MGH.RAMYWYKQKA.KKPPELMFVYSYE.K.LSINES...VP.SRFSPECPNSSLLNLHLHA..LQPEDSALYLC	
TRBV4-2*01	B	20;22;24;31;33;45;46;47;65;75;88;89;90	ETGVTQTPRHLVMGMTNKKSLKCEQHLGHNAMYWYKQSAKKPLELMFVYNFKEQTENNSVPSRFSPECPNSSHLFLHLHTLQPEDSALYLC	ETGVTQTPRHLVMGMTNKKSLKCEQH.LGH.NAMYWYKQSA.KKPLELMFVYNFK.E.QTENNS...VP.SRFSPECPNSSHLFLHLHT..LQPEDSALYLC	
TRBV4-2*02	B	20;22;24;31;33;45;46;47;65;75;88;89;90	ETGVTQTPRHLVMGMTNKKSLKCEQHLGHNAMYWYKQSAKKPLELMFVYNFKEQTENNSVPSRFSPECPNSSHLCLHLHTLQPEDSALYLC	ETGVTQTPRHLVMGMTNKKSLKCEQH.LGH.NAMYWYKQSA.KKPLELMFVYNFK.E.QTENNS...VP.SRFSPECPNSSHLCLHLHT..LQPEDSALYLC	
TRBV4-3*01	B	20;22;24;31;33;45;46;47;65;75;88;89;90	ETGVTQTPRHLVMGMTNKKSLKCEQHLGHNAMYWYKQSAKKPLELMFVYSLEERVENNSVPSRFSPECPNSSHLFLHLHTLQPEDSALYLC	ETGVTQTPRHLVMGMTNKKSLKCEQH.LGH.NAMYWYKQSA.KKPLELMFVYSLE.E.RVENNS...VP.SRFSPECPNSSHLFLHLHT..LQPEDSALYLC	
TRBV4-3*02	B	20;22;24;31;33;45;46;47;65;75;88;89;90	ETGVTQTPRHLVMGMTNKKSLKCEQHLGHNAMYWYKQSAKKPLELMFVYSLEERVENNSVPSRFSPECPNSSHLSLHLHTLQPEDSALYLC	ETGVTQTPRHLVMGMTNKKSLKCEQH.LGH.NAMYWYKQSA.KKPLELMFVYSLE.E.RVENNS...VP.SRFSPECPNSSHLSLHLHT..LQPEDSALYLC	
TRBV4-3*03	B	20;22;24;31;33;45;46;47;65;75;88;89;90	ETGVTQTPRHLVMGMTNKKSLKCEQHLGHNAMYWYKQSAKKPLELMFVYSLEERVENNSVPSRFSPECPNSSHLFLHLHTLQPEDSALYLC	ETGVTQTPRHLVMGMTNKKSLKCEQH.LGH.NAMYWYKQSA.KKPLELMFVYSLE.E.RVENNS...VP.SRFSPECPNSSHLFLHLHT..LQPEDSALYLC	
TRBV4-3*04	B	3;5;7;14;16;28;29;30;48;58;71;72;73	KKSLKCEQHLGHNAMYWYKQSAKKPLELMFVYSLEERVENNSVPSRFSPECPNSSHLFLHLHTLQPEDSALYLC	.................KKSLKCEQH.LGH.NAMYWYKQSA.KKPLELMFVYSLE.E.RVENNS...VP.SRFSPECPNSSHLFLHLHT..LQPEDSALYLC	
TRBV5-1*01	B	20;22;24;31;33;45;46;47;65;75;88;89;90	KAGVTQTPRYLIKTRGQQVTLSCSPISGHRSVSWYQQTPGQGLQFLFEYFSETQRNKGNFPGRFSGRQFSNSRSEMNVSTLELGDSALYLC	KAGVTQTPRYLIKTRGQQVTLSCSPI.SGH.RSVSWYQQTP.GQGLQFLFEYFSE.T.QRNKGN...FP.GRFSGRQFSNSRSEMNVST..LELGDSALYLC	5brz
TRBV5-1*02	B	20;22;24;31;33;45;46;47;65;75;88;89;90	RAGVTQTPRHLIKTRGQQVTLGCSPISGHRSVSWYQQTLGQGLQFLFEYFSETQRNKGNFLGRFSGRQFSNSRSEMNVSTLELGDSALYLC	RAGVTQTPRHLIKTRGQQVTLGCSPI.SGH.RSVSWYQQTL.GQGLQFLFEYFSE.T.QRNKGN...FL.GRFSGRQFSNSRSEMNVST..LELGDSALYLC	
TRBV5-3*01	B	20;22;24;31;33;45;46;47;65;75;88;89;90	EAGVTQSPTHLIKTRGQQVTLRCSPISGHSSVSWYQQAPGQGPQFIFEYANELRRSEGNFPNRFSGRQFHDCCSEMNVSALELGDSALYLC	EAGVTQSPTHLIKTRGQQVTLRCSPI.SGH.SSVSWYQQAP.GQGPQFIFEYANE.L.RRSEGN...FP.NRFSGRQFHDCCSEMNVSA..LELGDSALYLC	
TRBV5-3*02	B	20;22;24;31;33;45;46;47;65;75;88;89;90	EAGVTQSPTHLIKTRGQQVTLRCSPISGHSSVSWYQQAPGQGPQFIFEYANELRRSEGNFPNRFSGRQFHDYCSEMNVSALELGDSALYLC	EAGVTQSPTHLIKTRGQQVTLRCSPI.SGH.SSVSWYQQAP.GQGPQFIFEYANE.L.RRSEGN...FP.NRFSGRQFHDYCSEMNVSA..LELGDSALYLC	
TRBV5-4*01	B	20;22;24;31;33;45;46;47;65;75;88;89;90	ETGVTQSPTHLIKTRGQQVTLRCSSQSGHNTVSWYQQALGQGPQFIFQYYREEENGRGNFPPRFSGLQFPNYSSELNVNALELDDSALYLC	ETGVTQSPTHLIKTRGQQVTLRCSSQ.SGH.NTVSWYQQAL.GQGPQFIFQYYRE.E.ENGRGN...FP.PRFSGLQFPNYSSELNVNA..LELDDSALYLC	6bj2
TRBV5-4*02	B	20;22;24;31;33;45;46;47;65;75;88;89;90	ETGVTQSPTHLIKTRGQQVTLRCSSQSGHNTVSWYQQALGQGPQFIFQYYREEENGRGNFPPRFSGLQFPNYNSELNVNALELDDSALYLC	ETGVTQSPTHLIKTRGQQVTLRCSSQ.SGH.NTVSWYQQAL.GQGPQFIFQYYRE.E.ENGRGN...FP.PRFSGLQFPNYNSELNVNA..LELDDSALYLC	
TRBV5-4*03	B	4;6;8;15;17;29;30;31;49;59;72;73;74	QQVTLRCSSQSGHNTVSWYQQALGQGPQFIFQYYREEENGRGNFPPRFSGLQFPNYSSELNVNALELDDSALYLC	................QQVTLRCSSQ.SGH.NTVSWYQQAL.GQGPQFIFQYYRE.E.ENGRGN...FP.PRFSGLQFPNYSSELNVNA..LELDDSALYLC	
TRBV5-5*01	B	20;22;24;31;33;45;46;47;65;75;88;89;90	DAGVTQSPTHLIKTRGQQVTLRCSPISGHKSVSWYQQVLGQGPQFIFQYYEKEERGRGNFPDRFSARQFPNYSSELNVNALLLGDSALYLC	DAGVTQSPTHLIKTRGQQVTLRCSPI.SGH.KSVSWYQQVL.GQGPQFIFQYYEK.E.ERGRGN...FP.DRFSARQFPNYSSELNVNA..LLLGDSALYLC	6u3n
TRBV5-5*02	B	20;22;24;31;33;45;46;47;65;75;88;89;90	DAGVTQSPTHLIKTRGQHVTLRCSPISGHKSVSWYQQVLGQGPQFIFQYYEKEERGRGNFPDRFSARQFPNYSSELNVNALLLGDSALYLC	DAGVTQSPTHLIKTRGQHVTLRCSPI.SGH.KSVSWYQQVL.GQGPQFIFQYYEK.E.ERGRGN...FP.DRFSARQFPNYSSELNVNA..LLLGDSALYLC	
TRBV5-5*03	B	20;22;24;31;33;45;46;47;65;75;88;89;90	DAGVTQSPTHLIKTRGQQVTLRCSPISEHKSVSWYQQVLGQGPQFIFQYYEKEERGRGNFPDRFSARQFPNYSSELNVNALLLGDSALYLC	DAGVTQSPTHLIKTRGQQVTLRCSPI.SEH.KSVSWYQQVL.GQGPQFIFQYYEK.E.ERGRGN...FP.DRFSARQFPNYSSELNVNA..LLLGDSALYLC	
TRBV5-6*01	B	20;22;24;31;33;45;46;47;65;75;88;89;90	DAGVTQSPTHLIKTRGQQVTLRCSPKSGHDTVSWYQQALGQGPQFIFQYYEEEERQRGNFPDRFSGHQFPNYSSELNVNALLLGDSALYLC	DAGVTQSPTHLIKTRGQQVTLRCSPK.SGH.DTVSWYQQAL.GQGPQFIFQYYEE.E.ERQRGN...FP.DRFSGHQFPNYSSELNVNA..LLLGDSALYLC	5nme
TRBV5-7*01	B	20;22;24;31;33;45;46;47;65;75;88;89;90	DAGVTQSPTHLIKTRGQHVTLRCSPISGHTSVSSYQQALGQGPQFIFQYYEKEERGRGNFPDQFSGHQFPNYSSELNVNALLLGDSALYLC	DAGVTQSPTHLIKTRGQHVTLRCSPI.SGH.TSVSSYQQAL.GQGPQFIFQYYEK.E.ERGRGN...FP.DQFSGHQFPNYSSELNVNA..LLLGDSALYLC	
TRBV5-8*01	B	20;22;24;31;33;45;46;47;65;75;88;89;90	EAGVTQSPTHLIKTRGQQATLRCSPISGHTSVYWYQQALGLGLQFLLWYDEGEERNRGNFPPRFSGRQFPNYSSELNVNALELEDSALYLC	EAGVTQSPTHLIKTRGQQATLRCSPI.SGH.TSVYWYQQAL.GLGLQFLLWYDEG.E.ERNRGN...FP.PRFSGRQFPNYSSELNVNA..LELEDSALYLC	
TRBV5-8*02	B	5;7;9;16;18;30;31;32;50;60;73;74;75	GQQATLRCSPISGHTSVYWYQQALGLGLQLLLWYDEGEERNRGNFPPRFSGRQFPNYSSELNVNALELEDSALYLC	...............GQQATLRCSPI.SGH.TSVYWYQQAL.GLGLQLLLWYDEG.E.ERNRGN...FP.PRFSGRQFPNYSSELNVNA..LELEDSALYLC	
TRBV6-1*01	B	20;22;24;31;33;45;46;47;65;75;88;89;90	NAGVTQTPKFQVLKTGQSMTLQCAQDMNHNSMYWYRQDPGMGLRLIYYSASEGTTDKGEVPNGYNVSRLNKREFSLRLESAAPSQTSVYFC	NAGVTQTPKFQVLKTGQSMTLQCAQD.MNH.NSMYWYRQDP.GMGLRLIYYSASEGT.T.DKGE..VPN..GYNVSRLNKREFSLRLES..AAPSQTSVYFC	3kxf
TRBV6-2*01	B	20;22;24;31;33;45;46;47;65;75;88;89;90	NAGVTQTPKFRVLKTGQSMTLLCAQDMNHEYMYWYRQDPGMGLRLIHYSVGEGTTAKGEVPDGYNVSRLKKQNFLLGLESAAPSQTSVYFC	NAGVTQTPKFRVLKTGQSMTLLCAQD.MNH.EYMYWYRQDP.GMGLRLIHYSVGEGT.T.AKGE..VPD..GYNVSRLKKQNFLLGLES..AAPSQTSVYFC	4y19
TRBV6-3*01	B	20;22;24;31;33;45;46;47;65;75;88;89;90	NAGVTQTPKFRVLKTGQSMTLLCAQDMNHEYMYWYRQDPGMGLRLIHYSVGEGTTAKGEVPDGYNVSRLKKQNFLLGLESAAPSQTSVYFC	NAGVTQTPKFRVLKTGQSMTLLCAQD.MNH.EYMYWYRQDP.GMGLRLIHYSVGEGT.T.AKGE..VPD..GYNVSRLKKQNFLLGLES..AAPSQTSVYFC	
TRBV6-4*01	B	20;22;24;31;33;45;46;47;65;75;88;89;90	IAGITQAPTSQILAAGRRMTLRCTQDMRHNAMYWYRQDLGLGLRLIHYSNTAGTTGKGEVPDGYSVSRANTDDFPLTLASAVPSQTSVYFC	IAGITQAPTSQILAAGRRMTLRCTQD.MRH.NAMYWYRQDL.GLGLRLIHYSNTAGT.T.GKGE..VPD..GYSVSRANTDDFPLTLAS..AVPSQTSVYFC	3qdg
TRBV6-4*02	B	20;22;24;31;33;45;46;47;65;75;88;89;90	TAGITQAPTSQILAAGRSMTLRCTQDMRHNAMYWYRQDLGLGLRLIHYSNTAGTTGKGEVPDGYSVSRANTDDFPLTLASAVPSQTSVYFC	TAGITQAPTSQILAAGRSMTLRCTQD.MRH.NAMYWYRQDL.GLGLRLIHYSNTAGT.T.GKGE..VPD..GYSVSRANTDDFPLTLAS..AVPSQTSVYFC	
TRBV6-5*01	B	20;22;24;31;33;45;46;47;65;75;88;89;90	NAGVTQTPKFQVLKTGQSMTLQCAQDMNHEYMSWYRQDPGMGLRLIHYSVGAGITDQGEVPNGYNVSRSTTEDFPLRLLSAAPSQTSVYFC	NAGVTQTPKFQVLKTGQSMTLQCAQD.MNH.EYMSWYRQDP.GMGLRLIHYSVGAGI.T.DQGE..VPN..GYNVSRSTTEDFPLRLLS..AAPSQTSVYFC	2bnr
TRBV6-6*01	B	20;22;24;31;33;45;46;47;65;75;88;89;90	NAGVTQTPKFRILKIGQSMTLQCTQDMNHNYMYWYRQDPGMGLKLIYYSVGAGITDKGEVPNGYNVSRSTTEDFPLRLELAAPSQTSVYFC	NAGVTQTPKFRILKIGQSMTLQCTQD.MNH.NYMYWYRQDP.GMGLKLIYYSVGAGI.T.DKGE..VPN..GYNVSRSTTEDFPLRLEL..AAPSQTSVYFC	2iam
TRBV6-6*02	B	20;22;24;31;33;45;46;47;65;75;88;89;90	NAGVTQTPKFRILKIGQSMTLQCAQDMNHNYMYWYRQDPGMGLKLIYYSVGAGITDKGEVPNGYNVSRSTTEDFPLRLELAAPSQTSVYFC	NAGVTQTPKFRILKIGQSMTLQCAQD.MNH.NYMYWYRQDP.GMGLKLIYYSVGAGI.T.DKGE..VPN..GYNVSRSTTEDFPLRLEL..AAPSQTSVYFC	
TRBV6-6*03	B	20;22;24;31;33;45;46;47;65;75;88;89;90	NAGVTQTPKFRILKIGQSMTLQCAQDMNHNYMYWYRQDPGMGLKLIYYSVGAGITDKGEVPNGYNVSRSTTEDFPLRLELAAPSQTSVYFC	NAGVTQTPKFRILKIGQSMTLQCAQD.MNH.NYMYWYRQDP.GMGLKLIYYSVGAGI.T.DKGE..VPN..GYNVSRSTTEDFPLRLEL..AAPSQTSVYFC	
TRBV6-6*04	B	20;22;24;31;33;45;46;47;65;75;88;89;90	NAGVTQTPKFRILKIGQSMTLQCTQDMNHEYMYWYRQDPGMGLKLIYYSVGAGITDKGEVPNGYNVSRSTTEDFPLRLELAAPSQTSVYFC	NAGVTQTPKFRILKIGQSMTLQCTQD.MNH.EYMYWYRQDP.GMGLKLIYYSVGAGI.T.DKGE..VPN..GYNVSRSTTEDFPLRLEL..AAPSQTSVYFC	
TRBV6-6*05	B	20;22;24;31;33;45;46;47;65;75;88;89;90	NAGVTQTPKFRILKIGQSMTLQCAQDMNHNYMYWYRQDPGMGLKLIYYSVGAGITDKGEVPNGYNVSRSTTEDFPLRLELAAASQTSVYFC	NAGVTQTPKFRILKIGQSMTLQCAQD.MNH.NYMYWYRQDP.GMGLKLIYYSVGAGI.T.DKGE..VPN..GYNVSRSTTEDFPLRLEL..AAASQTSVYFC	
TRBV6-7*01	B	20;22;24;31;33;45;46;47;65;75;88;89;90	NAGVTQTPKFHVLKTGQSMTLLCAQDMNHEYMYRYRQDPGKGLRLIYYSVAAALTDKGEVPNGYNVSRSNTEDFPLKLESAAPSQTSVYFC	NAGVTQTPKFHVLKTGQSMTLLCAQD.MNH.EYMYRYRQDP.GKGLRLIYYSVAAAL.T.DKGE..VPN..GYNVSRSNTEDFPLKLES..AAPSQTSVYFC	
TRBV6-8*01	B	20;22;24;31;33;45;46;47;64;74;87;88;89	NAGVTQTPKFHILKTGQSMTLQCAQDMNHGYMSWYRQDPGMGLRLIYYSAAAGTTDKEVPNGYNVSRLNTEDFPLRLVSAAPSQTSVYLC	NAGVTQTPKFHILKTGQSMTLQCAQD.MNH.GYMSWYRQDP.GMGLRLIYYSAAAGT.T.DK.E..VPN..GYNVSRLNTEDFPLRLVS..AAPSQTSVYLC	
TRBV6-9*01	B	20;22;24;31;33;45;46;47;65;75;88;89;90	NAGVTQTPKFHILKTGQSMTLQCAQDMNHGYLSWYRQDPGMGLRRIHYSVAAGITDKGEVPDGYNVSRSNTEDFPLRLESAAPSQTSVYFC	NAGVTQTPKFHILKTGQSMTLQCAQD.MNH.GYLSWYRQDP.GMGLRRIHYSVAAGI.T.DKGE..VPD..GYNVSRSNTEDFPLRLES..AAPSQTSVYFC	
TRBV7-1*01	B	20;22;24;31;33;45;46;47;66;76;89;90;91	GAGVSQSLRHKVAKKGKDVALRYDPISGHNALYWYRQSLGQGLEFPIYFQGKDAADKSGLPRDRFSAQRSEGSISTLKFQRTQQGDLAVYLC	GAGVSQSLRHKVAKKGKDVALRYDPI.SGH.NALYWYRQSL.GQGLEFPIYFQGK.D.AADKSG..LPR.DRFSAQRSEGSISTLKFQR..TQQGDLAVYLC	
TRBV7-2*01	B	20;22;24;31;33;45;46;47;66;76;89;90;91	GAGVSQSPSNKVTEKGKDVELRCDPISGHTALYWYRQSLGQGLEFLIYFQGNSAPDKSGLPSDRFSAERTGGSVSTLTIQRTQQEDSAVYLC	GAGVSQSPSNKVTEKGKDVELRCDPI.SGH.TALYWYRQSL.GQGLEFLIYFQGN.S.APDKSG..LPS.DRFSAERTGGSVSTLTIQR..TQQEDSAVYLC	6u3o
TRBV7-2*02	B	20;22;24;31;33;45;46;47;66;76;89;90;91	GAGVSQSPSNKVTEKGKDVELRCDPISGHTALYWYRQRLGQGLEFLIYFQGNSAPDKSGLPSDRFSAERTGESVSTLTIQRTQQEDSAVYLC	GAGVSQSPSNKVTEKGKDVELRCDPI.SGH.TALYWYRQRL.GQGLEFLIYFQGN.S.APDKSG..LPS.DRFSAERTGESVSTLTIQR..TQQEDSAVYLC	
TRBV7-2*03	B	20;22;24;31;33;45;46;47;66;76;89;90;91	GAGVSQSPSNKVTEKGKDVELRCDPISGHTALYWYRQRLGQGLEFLIYFQGNSAPDKSGLPSDRFSAERTGESVSTLTIQRTQQEDSAVYLC	GAGVSQSPSNKVTEKGKDVELRCDPI.SGH.TALYWYRQRL.GQGLEFLIYFQGN.S.APDKSG..LPS.DRFSAERTGESVSTLTIQR..TQQEDSAVYLC	
TRBV7-2*04	B	20;22;24;31;33;45;46;47;66;76;89;90;91	GAGVSQSPSNKVTEKGKDVELRCDPISGHTALYWYRQSLGQGLEFLIYFQGNSAPDKSGLPSDRFSAERTGGSVSTLTIQRTQQEDSAVYLC	GAGVSQSPSNKVTEKGKDVELRCDPI.SGH.TALYWYRQSL.GQGLEFLIYFQGN.S.APDKSG..LPS.DRFSAERTGGSVSTLTIQR..TQQEDSAVYLC	
TRBV7-3*01	B	20;22;24;31;33;45;46;47;66;76;89;90;91	GAGVSQTPSNKVTEKGKYVELRCDPISGHTALYWYRQSLGQGPEFLIYFQGTGAADDSGLPNDRFFAVRPEGSVSTLKIQRTERGDSAVYLC	GAGVSQTPSNKVTEKGKYVELRCDPI.SGH.TALYWYRQSL.GQGPEFLIYFQGT.G.AADDSG..LPN.DRFFAVRPEGSVSTLKIQR..TERGDSAVYLC	6px6
TRBV7-3*04	B	20;22;24;31;33;45;46;47;66;76;89;90;91	GAGVSQTPSNKVTEKGKYVELRCDPISGHTALYWYRQSLGQGPEFLIYFQGTGAADDSGLPNDRFFAVRPEGSVSTLKIQRTERGDSAVYLC	GAGVSQTPSNKVTEKGKYVELRCDPI.SGH.TALYWYRQSL.GQGPEFLIYFQGT.G.AADDSG..LPN.DRFFAVRPEGSVSTLKIQR..TERGDSAVYLC	
TRBV7-3*05	B	2;4;6;13;15;27;28;29;48;58;71;72;73	WELRCDPISGHTALYWYRQSLGQGPELLIYFQGTGAADDSGLPNDRFFAVRPEGSVSTLKIQRTERGDSAVYLC	..................WELRCDPI.SGH.TALYWYRQSL.GQGPELLIYFQGT.G.AADDSG..LPN.DRFFAVRPEGSVSTLKIQR..TERGDSAVYLC	
TRBV7-4*01	B	20;22;24;31;33;45;46;47;66;76;89;90;91	GAGVSQSPRYKVAKRGRDVALRCDSISGHVTLYWYRQTLGQGSEVLTYSQSDAQRDKSGRPSGRFSAERPERSVSTLKIQRTEQGDSAVYLC	GAGVSQSPRYKVAKRGRDVALRCDSI.SGH.VTLYWYRQTL.GQGSEVLTYSQSD.A.QRDKSG..RPS.GRFSAERPERSVSTLKIQR..TEQGDSAVYLC	
TRBV7-6*01	B	20;22;24;31;33;45;46;47;66;76;89;90;91	GAGVSQSPRYKVTKRGQDVALRCDPISGHVSLYWYRQALGQGPEFLTYFNYEAQQDKSGLPNDRFSAERPEGSISTLTIQRTEQRDSAMYRC	GAGVSQSPRYKVTKRGQDVALRCDPI.SGH.VSLYWYRQAL.GQGPEFLTYFNYE.A.QQDKSG..LPN.DRFSAERPEGSISTLTIQR..TEQRDSAMYRC	5d2n
TRBV7-6*02	B	20;22;24;31;33;45;46;47;66;76;89;90;91	GAGVSQSPRYKVTKRGQDVALRCDPISGHVSLYWYRQALGQGPEFLTYFNYEAQQDKSGLPNDRFSAERPEGSISTLTIQRTEQRDSAMYRC	GAGVSQSPRYKVTKRGQDVALRCDPI.SGH.VSLYWYRQAL.GQGPEFLTYFNYE.A.QQDKSG..LPN.DRFSAERPEGSISTLTIQR..TEQRDSAMYRC	
TRBV7-7*01	B	20;22;24;31;33;45;46;47;66;76;89;90;91	GAGVSQSPRYKVTKRGQDVTLRCDPISSHATLYWYQQALGQGPEFLTYFNYEAQPDKSGLPSDRFSAERPEGSISTLTIQRTEQRDSAMYRC	GAGVSQSPRYKVTKRGQDVTLRCDPI.SSH.ATLYWYQQAL.GQGPEFLTYFNYE.A.QPDKSG..LPS.DRFSAERPEGSISTLTIQR..TEQRDSAMYRC	
TRBV7-7*02	B	20;22;24;31;33;45;46;47;66;76;89;90;91	GAGVSQSPRYKVTKRGQDVTLRCDPISSHVTLYWYQQALGQGPEFLTYFNYEAQPDKSGLPSDRFSAERPEGSISTLTIQRTEQRDSAMYRC	GAGVSQSPRYKVTKRGQDVTLRCDPI.SSH.VTLYWYQQAL.GQGPEFLTYFNYE.A.QPDKSG..LPS.DRFSAERPEGSISTLTIQR..TEQRDSAMYRC	
TRBV7-8*01	B	20;22;24;31;33;45;46;47;66;76;89;90;91	GAGVSQSPRYKVAKRGQDVALRCDPISGHVSLFWYQQALGQGPEFLTYFQNEAQLDKSGLPSDRFFAERPEGSVSTLKIQRTQQEDSAVYLC	GAGVSQSPRYKVAKRGQDVALRCDPI.SGH.VSLFWYQQAL.GQGPEFLTYFQNE.A.QLDKSG..LPS.DRFFAERPEGSVSTLKIQR..TQQEDSAVYLC	3kps
TRBV7-8*02	B	20;22;24;31;33;45;46;47;66;76;89;90;91	GAGVSQSPRYKVAKRGQDVALRCDPISGHVSLFWYQQALGQGPEFLTYFQNEAQLDKSGLPSDRFFAERPEGSVSTLKIQRTQKEDSAVYLC	GAGVSQSPRYKVAKRGQDVALRCDPI.SGH.VSLFWYQQAL.GQGPEFLTYFQNE.A.QLDKSG..LPS.DRFFAERPEGSVSTLKIQR..TQKEDSAVYLC	
TRBV7-8*03	B	20;22;24;31;33;45;46;47;66;76;89;90;91	GAGVSQSPRYKVAKRGQDVALRCDPISGHVSLFWYQQALGQGPEFLTYFQNEAQLDKSGLPSDRFFAERPEGSVSTLKIQRTQQEDSAVYLC	GAGVSQSPRYKVAKRGQDVALRCDPI.SGH.VSLFWYQQAL.GQGPEFLTYFQNE.A.QLDKSG..LPS.DRFFAERPEGSVSTLKIQR..TQQEDSAVYLC	
TRBV7-9*01	B	20;22;24;31;33;45;46;47;66;76;89;90;91	DTGVSQNPRHKITKRGQNVTFRCDPISEHNRLYWYRQTLGQGPEFLTYFQNEAQLEKSRLLSDRFSAERPKGSFSTLEIQRTEQGDSAMYLC	DTGVSQNPRHKITKRGQNVTFRCDPI.SEH.NRLYWYRQTL.GQGPEFLTYFQNE.A.QLEK.SRL.LS.DRFSAERPKGSFSTLEIQR..TEQGDSAMYLC	
TRBV7-9*02	B	20;22;24;31;33;45;46;47;66;76;89;90;91	DTGVSQNPRHNITKRGQNVTFRCDPISEHNRLYWYRQTLGQGPEFLTYFQNEAQLEKSRLLSDRFSAERPKGSFSTLEIQRTEQGDSAMYLC	DTGVSQNPRHNITKRGQNVTFRCDPI.SEH.NRLYWYRQTL.GQGPEFLTYFQNE.A.QLEK.SRL.LS.DRFSAERPKGSFSTLEIQR..TEQGDSAMYLC	
TRBV7-9*03	B	20;22;24;31;33;45;46;47;66;76;89;90;91	DTGVSQDPRHKITKRGQNVTFRCDPISEHNRLYWYRQTLGQGPEFLTYFQNEAQLEKSRLLSDRFSAERPKGSFSTLEIQRTEQGDSAMYLC	DTGVSQDPRHKITKRGQNVTFRCDPI.SEH.NRLYWYRQTL.GQGPEFLTYFQNE.A.QLEK.SRL.LS.DRFSAERPKGSFSTLEIQR..TEQGDSAMYLC	6rsy
TRBV7-9*04	B	20;22;24;31;33;45;46;47;66;76;89;90;91	ISGVSHNPRHKITKRGQNVTFRCDPISEHNRLYWYRQNPGQGPEFLTYFQNEAQLEKSGLLSDRISAERPKGSFSTLEIQRTEQGDSAMYLC	ISGVSHNPRHKITKRGQNVTFRCDPI.SEH.NRLYWYRQNP.GQGPEFLTYFQNE.A.QLEK.SGL.LS.DRISAERPKGSFSTLEIQR..TEQGDSAMYLC	
TRBV7-9*05	B	20;22;24;31;33;45;46;47;66;76;89;90;91	DTGVSQNPRHKITKRGQNVTFRCDPISEHNRLYWYRQTLGQGPEFLTYFQNEAQLEKSRLLSDRFSAERPKGSLSTLEIQRTEQGDSAMYLC	DTGVSQNPRHKITKRGQNVTFRCDPI.SEH.NRLYWYRQTL.GQGPEFLTYFQNE.A.QLEK.SRL.LS.DRFSAERPKGSLSTLEIQR..TEQGDSAMYLC	
TRBV7-9*06	B	20;22;24;31;33;45;46;47;66;76;89;90;91	DTGVSQNPRHKITKRGQNVTFRCDPISEHNRLYWYRQTLGQGPEFLTYFQNEAQLEKSRLLSDRFSAERPKGSLSTLEIQRTEQGDSAMYLC	DTGVSQNPRHKITKRGQNVTFRCDPI.SEH.NRLYWYRQTL.GQGPEFLTYFQNE.A.QLEK.SRL.LS.DRFSAERPKGSLSTLEIQR..TEQGDSAMYLC	
TRBV9*01	B	20;22;24;31;33;45;46;47;65;75;88;89;90	DSGVTQTPKHLITATGQRVTLRCSPRSGDLSVYWYQQSLDQGLQFLIQYYNGEERAKGNILERFSAQQFPDLHSELNLSSLELGDSALYFC	DSGVTQTPKHLITATGQRVTLRCSPR.SGD.LSVYWYQQSL.DQGLQFLIQYYNG.E.ERAKGN...IL.ERFSAQQFPDLHSELNLSS..LELGDSALYFC	
TRBV9*02	B	20;22;24;31;33;45;46;47;65;75;88;89;90	DSGVTQTPKHLITATGQRVTLRCSPRSGDLSVYWYQQSLDQGLQFLIHYYNGEERAKGNILERFSAQQFPDLHSELNLSSLELGDSALYFC	DSGVTQTPKHLITATGQRVTLRCSPR.SGD.LSVYWYQQSL.DQGLQFLIHYYNG.E.ERAKGN...IL.ERFSAQQFPDLHSELNLSS..LELGDSALYFC	3mv8
TRBV9*03	B	20;22;24;31;33;45;46;47;65;75;88;89;90	DSGVTQTPKHLITATGQRVTLRCSPRSGDLSVYWYQQSLDQGLQFLIQYYNGEERAKGNILERFSAQQFPDLHSELNLSSLELGDSALYFC	DSGVTQTPKHLITATGQRVTLRCSPR.SGD.LSVYWYQQSL.DQGLQFLIQYYNG.E.ERAKGN...IL.ERFSAQQFPDLHSELNLSS..LELGDSALYFC	
