pdbid	organism	mhc_class	mhc	peptide	va	ja	cdr3a	vb	jb	cdr3b
5bs0	human	1	A*01:01	ESDPIVAQY	TRAV21*01	TRAJ28*01	CAVRPGGAGPFFVVF	TRBV5-1*01	TRBJ2-7*01	CASSFNMATGQYF
5brz	human	1	A*01:01	EVDPIGHLY	TRAV21*01	TRAJ28*01	CAVRPGGAGPFFVVF	TRBV5-1*01	TRBJ2-7*01	CASSFNMATGQYF
4eup	human	1	A*02:01	ALGIGILTV	TRAV12-2*02	TRAJ45*01	CAVSGGGADGLTF	TRBV28*01	TRBJ2-1*01	CASSFLGTGVEQYF
3utt	human	1	A*02:01	ALWGPDPAAA	TRAV12-3*01	TRAJ12*01	CAMRGDSSYKLIF	TRBV12-4*01	TRBJ2-4*01	CASSLWEKLAKNIQYF
5e9d	human	1	A*02:01	ELAGIGILTV	TRAV12-2*02	TRAJ24*02	CAVTKYSWGKLQF	TRBV6-5*01	TRBJ2-7*01	CASRPGWMAGGVELYF
3qdg	human	1	A*02:01	ELAGIGILTV	TRAV12-2*01	TRAJ23*01	CAVNFGGGKLIF	TRBV6-4*01	TRBJ1-1*01	CASSLSFGTEAFF
5nht	human	1	A*02:01	ELAGIGILTV	TRAV12-2*02	TRAJ45*01	CAVGGGADGLTF	TRBV19*01	TRBJ2-2*01	CASSQGLAGAGELFF
3qdm	human	1	A*02:01	ELAGIGILTV	TRAV35*01	TRAJ49*01	CAGGTGNQFYF	TRBV10-3*01	TRBJ1-5*01	CAISEVGVGQPQHF
3hg1	human	1	A*02:01	ELAGIGILTV	TRAV12-2*01	TRAJ27*01	CAVNVAGKSTF	TRBV30*01	TRBJ2-2*01	CAWSETGLGTGELFF
1oga	human	1	A*02:01	GILGFVFTL	TRAV27*01	TRAJ42*01	CAGAGSQGNLIF	TRBV19*01	TRBJ2-7*01	CASSSRSSYEQYF
5tez	human	1	A*02:01	GILGFVFTL	TRAV13-1*02	TRAJ54*01	CAASFIIQGAQKLVF	TRBV27*01	TRBJ1-1*01	CASSLLGGWSEAFF
5isz	human	1	A*02:01	GILGFVFTL	TRAV24*02	TRAJ27*01	CAFDTNAGKSTF	TRBV19*01	TRBJ2-7*01	CASSIFGQREQYF
5jhd	human	1	A*02:01	GILGFVFTL	TRAV38-2/DV8*01	TRAJ52*01	CAWGVNAGGTSYGKLTF	TRBV19*01	TRBJ1-2*01	CASSIGVYGYTF
5e6i	human	1	A*02:01	GILGFVFTL	TRAV35*01	TRAJ37*02	CAGPGGSSNTGKLIF	TRBV27*01	TRBJ2-2*01	CASSLIYPGELFF
3o4l	human	1	A*02:01	GLCTLVAML	TRAV5*01	TRAJ31*01	CAEDNNARLMF	TRBV20-1*01	TRBJ1-2*01	CSARDGTGNGYTF
6tro	human	1	A*02:01	GVYDGREHTV	TRAV10*01	TRAJ6*01	CVVNHSGGSYIPTF	TRBV28*01	TRBJ2-7*01	CASSFLMTSGDPYEQYF
6vqo	human	1	A*02:01	HMTEVVRHC	TRAV12-3*01	TRAJ12*01	CAMSGLKEDSSYKLIF	TRBV27*01	TRBJ2-3*01	CASSIQQGADTQYF
6vrn	human	1	A*02:01	HMTEVVRHC	TRAV38-1*01	TRAJ28*01	CAFMGYSGAGSYQLTF	TRBV10-3*01	TRBJ1-6*01	CAISELVTGDSPLHF
6vrm	human	1	A*02:01	HMTEVVRHC	TRAV12-1*01	TRAJ13*02	CVVQPGGYQKVTF	TRBV6-1*01	TRBJ2-7*01	CASSEGLWQVGDEQYF
5men	human	1	A*02:01	ILAKFLHWL	TRAV22*01	TRAJ40*01	CAVDSATSGTYKYIF	TRBV6-5*01	TRBJ1-1*01	CASSYQGTEAFF
5yxn	human	1	A*02:01	KLVALGINAV	TRAV38-2/DV8*01	TRAJ30*01	CAYGEDDKIIF	TRBV25-1*01	TRBJ2-7*01	CASRRGPYEQYF
3pwp	human	1	A*02:01	LGYGFVNYI	TRAV12-2*02	TRAJ24*02	CAVTTDSWGKLQF	TRBV6-5*01	TRBJ2-7*01	CASRPGLAGGRPEQYF
1bd2	human	1	A*02:01	LLFGYPVYV	TRAV29/DV5*01	TRAJ54*01	CAAMEGAQKLVF	TRBV6-5*01	TRBJ2-7*01	CASSYPGGGFYEQYF
1ao7	human	1	A*02:01	LLFGYPVYV	TRAV12-2*02	TRAJ24*02	CAVTTDSWGKLQF	TRBV6-5*01	TRBJ2-7*01	CASRPGLAGGRPEQYF
3h9s	human	1	A*02:01	MLWGYLQYV	TRAV12-2*02	TRAJ24*02	CAVTTDSWGKLQF	TRBV6-5*01	TRBJ2-7*01	CASRPGLAGGRPEQYF
6amu	human	1	A*02:01	MMWDRGLGMM	TRAV12-2*01	TRAJ23*01	CAVNFGGGKLIF	TRBV6-4*01	TRBJ1-1*01	CASSLSFGTEAFF
5c0a	human	1	A*02:01	MVWGPDPLYV	TRAV12-3*01	TRAJ12*01	CAMRGDSSYKLIF	TRBV12-4*01	TRBJ2-4*01	CASSLWEKLAKNIQYF
5d2n	human	1	A*02:01	NLVPMVATV	TRAV26-2*01	TRAJ43*01	CILDNNNDMRF	TRBV7-6*01	TRBJ1-4*01	CASSLAPGTTNEKLFF
5d2l	human	1	A*02:01	NLVPMVATV	TRAV24*01	TRAJ49*01	CAFITGNQFYF	TRBV7-2*02	TRBJ2-5*01	CASSQTQLWETQYF
3gsn	human	1	A*02:01	NLVPMVATV	TRAV24*02	TRAJ49*01	CARNTGNQFYF	TRBV6-5*01	TRBJ1-2*01	CASSPVTGGIYGYTF
7n1e	human	1	A*02:01	RLQSLQTYV	TRAV16*01	TRAJ39*01	CALSGFNNAGNMLTF	TRBV11-2*01	TRBJ2-3*01	CASSLGGAGGADTQYF
6rsy	human	1	A*02:01	RMFPNAPYL	TRAV26-1*01	TRAJ40*01	CIGGGTTSGTYKYIF	TRBV7-9*03	TRBJ2-5*01	CASSLGFGRDVMRF
5c0b	human	1	A*02:01	RQFGPDFPTI	TRAV12-3*01	TRAJ12*01	CAMRGDSSYKLIF	TRBV12-4*01	TRBJ2-4*01	CASSLWEKLAKNIQYF
5c0c	human	1	A*02:01	RQFGPDWIVA	TRAV12-3*01	TRAJ12*01	CAMRGDSSYKLIF	TRBV12-4*01	TRBJ2-4*01	CASSLWEKLAKNIQYF
5c08	human	1	A*02:01	RQWGPDPAAV	TRAV12-3*01	TRAJ12*01	CAMRGDSSYKLIF	TRBV12-4*01	TRBJ2-4*01	CASSLWEKLAKNIQYF
5nmg	human	1	A*02:01	SLFNTIAVL	TRAV12-2*01	TRAJ41*01	CAVRTNSGYALNF	TRBV5-6*01	TRBJ2-7*01	CASSDTVSYEQYF
2bnr	human	1	A*02:01	SLLMWITQC	TRAV21*01	TRAJ6*01	CAVRPTSGGSYIPTF	TRBV6-5*01	TRBJ2-2*01	CASSYVGNTGELFF
6rpb	human	1	A*02:01	SLLMWITQV	TRAV12-2*01	TRAJ6*01	CAVKSGGSYIPTF	TRBV6-5*01	TRBJ2-1*01	CASSYLNRDSALDF
6rp9	human	1	A*02:01	SLLMWITQV	TRAV12-2*01	TRAJ49*01	CALTRGPGNQFYF	TRBV7-6*01	TRBJ1-1*01	CASSSPGGVSTEAFF
6rpa	human	1	A*02:01	SLLMWITQV	TRAV3*01	TRAJ28*01	CAVRDINSGAGSYQLTF	TRBV29-1*01	TRBJ2-3*01	CSVGGSGGADTQYF
5nme	human	1	A*02:01	SLYNTVATL	TRAV12-2*01	TRAJ41*01	CAVRTNSGYALNF	TRBV5-6*01	TRBJ2-7*01	CASSDTVSYEQYF
6am5	human	1	A*02:01	SMLGIGIVPV	TRAV12-2*01	TRAJ23*01	CAVNFGGGKLIF	TRBV6-4*01	TRBJ1-1*01	CASSLSFGTEAFF
5eu6	human	1	A*02:01	YLEPGPVTV	TRAV21*01	TRAJ53*01	CAVLSSGGSNYKLTF	TRBV7-3*01	TRBJ2-3*01	CASSFIGGTDTQYF
5c09	human	1	A*02:01	YLGGPDFPTI	TRAV12-3*01	TRAJ12*01	CAMRGDSSYKLIF	TRBV12-4*01	TRBJ2-4*01	CASSLWEKLAKNIQYF
7n1f	human	1	A*02:01	YLQPRTFLL	TRAV12-2*01	TRAJ30*01	CAVNRDDKIIF	TRBV7-9*01	TRBJ2-7*01	CASSPDIEQYF
7n6e	human	1	A*02:01	YLQPRTFLL	TRAV12-1*01	TRAJ43*01	CVVNRNNDMRF	TRBV19*01	TRBJ2-2*01	CAGQVTNTGELFF
5c07	human	1	A*02:01	YQFGPDFPIA	TRAV12-3*01	TRAJ12*01	CAMRGDSSYKLIF	TRBV12-4*01	TRBJ2-4*01	CASSLWEKLAKNIQYF
5wkh	human	1	A*11:01	GTSGSPIINR	TRAV30*01	TRAJ39*01	CGLGDAGNMLTF	TRBV11-2*01	TRBJ1-2*01	CASSLGQGLLYGYTF
3vxm	human	1	A*24:02	RFPLTFGWCF	TRAV8-3*01	TRAJ28*01	CAVGAPSGAGSYQLTF	TRBV4-1*01	TRBJ2-7*01	CASSPTSGIYEQYF
3vxs	human	1	A*24:02	RYPLTLGWCF	TRAV21*01	TRAJ12*01	CAVRMDSSYKLIF	TRBV7-9*01	TRBJ2-2*01	CASSSWDTGELFF
6avf	human	1	B*07:02	APRGPHGGAASGL	TRAV4*01	TRAJ21*01	CLVGEILDNFNKFYF	TRBV28*01	TRBJ2-3*01	CASSQRQEGDTQYF
6avg	human	1	B*07:02	APRGPHGGAASGL	TRAV4*01	TRAJ8*01	CLVVDQKLVF	TRBV9*01	TRBJ2-1*01	CASSGGHTGSNEQFF
6vmx	human	1	B*07:02	RPPIFIRRL	TRAV24*02	TRAJ37*01	CAFGSSNTGKLIF	TRBV4-1*01	TRBJ1-2*01	CASSQDLFTGGYTF
3sjv	human	1	B*08:01	FLRGRAYGL	TRAV12-1*01	TRAJ23*01	CVVRAGKLIF	TRBV6-2*01	TRBJ2-4*01	CASGQGNFDIQYF
3ffc	human	1	B*08:01	FLRGRAYGL	TRAV14/DV4*01	TRAJ49*01	CAMREDTGNQFYF	TRBV11-2*01	TRBJ2-3*01	CASSFTWTSGGATDTQYF
1mi5	human	1	B*08:01	FLRGRAYGL	TRAV26-2*01	TRAJ52*01	CILPLAGGTSYGKLTF	TRBV7-8*01	TRBJ2-7*01	CASSLGQAYEQYF
4qrp	human	1	B*08:01	HSKKKCDEL	TRAV9-2*01	TRAJ43*01	CALSDPVNDMRF	TRBV11-2*01	TRBJ1-5*01	CASSLRGRGDQPQHF
4g9f	human	1	B*27:05	KRWIIMGLNK	TRAV14/DV4*02	TRAJ21*01	CAMRDLRDNFNKFYF	TRBV6-5*01	TRBJ1-1*01	CASREGLGGTEAFF
3mv7	human	1	B*35:01	HPVGEADYFEY	TRAV20*01	TRAJ58*01	CAVQDLGTSGSRLTF	TRBV9*01	TRBJ2-2*01	CASSARSGELFF
6bj2	human	1	B*35:01	IPLTEEAEL	TRAV19*01	TRAJ53*01	CALSHNSGGSNYKLTF	TRBV5-4*01	TRBJ2-5*01	CASSFRGGKTQYF
4jrx	human	1	B*35:08	LPEPLPQGQLTAY	TRAV19*01	TRAJ34*01	CALSGFYNTDKLIF	TRBV6-1*01	TRBJ1-1*01	CASPGETEAFF
6mtm	human	1	B*37:01	FEDLRVLSF	TRAV30*01	TRAJ13*01	CGTERSGGYQKVTF	TRBV19*01	TRBJ1-1*01	CASSMSAMGTEAFF
3dxa	human	1	B*44:05	EENLLDFVRF	TRAV26-1*02	TRAJ13*02	CIVWGGYQKVTF	TRBV7-9*01	TRBJ2-1*01	CASRYRDDSYNEQFF
3kpr	human	1	B*44:05	EEYLKAWTF	TRAV26-2*01	TRAJ52*01	CILPLAGGTSYGKLTF	TRBV7-8*01	TRBJ2-7*01	CASSLGQAYEQYF
3kps	human	1	B*44:05	EEYLQAFTY	TRAV26-2*01	TRAJ52*01	CILPLAGGTSYGKLTF	TRBV7-8*01	TRBJ2-7*01	CASSLGQAYEQYF
4mji	human	1	B*51:01	TAFTIPSI	TRAV17*01	TRAJ22*01	CATDDDSARQLTF	TRBV7-3*01	TRBJ2-2*01	CASSLTGGGELFF
2ypl	human	1	B*57:06	KAFSPEVIPMF	TRAV5*01	TRAJ13*01	CAVSGGYQKVTF	TRBV19*01	TRBJ1-2*01	CASTGSYGYTF
6uon	human	1	C*08:02	GADGVGKSAL	TRAV12-2*01	TRAJ12*01	CAAAMDSSYKLIF	TRBV10-2*01	TRBJ1-1*01	CASSDPGTEAFF
4p4k	human	2	DPA1*01:12,DPB1*141:01	AFWIDLFETIG	TRAV9-2*01	TRAJ28*01	CALSLYSGAGSYQLTF	TRBV5-1*01	TRBJ2-5*01	CASSLAQGGETQYF
4grl	human	2	DQA1*01:02,DQB1*05:01	LMLFAKDVVSR	TRAV13-1*02	TRAJ48*01	CAASSFGNEKLTF	TRBV7-3*01	TRBJ2-3*01	CATSALGDTQYF
4may	human	2	DQA1*01:02,DQB1*05:01	LVHFVRDFAQL	TRAV13-1*02	TRAJ48*01	CAASSFGNEKLTF	TRBV7-3*01	TRBJ2-3*01	CATSALGDTQYF
3pl6	human	2	DQA1*01:02,DQB1*05:01	VVHFFKNIVTP	TRAV13-1*02	TRAJ48*01	CAASSFGNEKLTF	TRBV7-3*01	TRBJ2-3*01	CATSALGDTQYF
6px6	human	2	DQA1*02:01,DQB1*02:01	APFSEQEQPVL	TRAV21*01	TRAJ31*01	CAVHTGARLMF	TRBV7-3*01	TRBJ2-3*01	CASSHGASTDTQYF
6py2	human	2	DQA1*02:01,DQB1*02:01	APFSEQEQPVL	TRAV9-2*04	TRAJ57*01	CASPQGGSEKLVF	TRBV11-2*01	TRBJ1-1*01	CASSSGGWGGGTEAFF
6dfx	human	2	DQA1*03:01,DQB1*03:02	EELYLVAGEEG	TRAV17*01	TRAJ23*01	CATDAGYNQGGKLIF	TRBV5-1*01	TRBJ1-3*01	CASSAGNTIYF
4gg6	human	2	DQA1*03:01,DQB1*03:02	GEGSFQPSQEN	TRAV26-2*01	TRAJ45*01	CILRDGRGGADGLTF	TRBV9*01	TRBJ2-7*01	CASSVAVSAGTYEQYF
5ks9	human	2	DQA1*03:01,DQB1*03:02	GEGSFQPSQEN	TRAV20*01	TRAJ39*01	CAVALNNNAGNMLTF	TRBV9*01	TRBJ2-3*01	CASSVAPGSDTQYF
4z7v	human	2	DQA1*03:01,DQB1*03:02	GEGSFQPSQEN	TRAV26-2*01	TRAJ54*01	CILRDSRAQKLVF	TRBV9*01	TRBJ2-7*01	CASSAGTSGEYEQYF
4z7w	human	2	DQA1*03:01,DQB1*03:02	GEGSFQPSQEN	TRAV8-3*01	TRAJ36*01	CAVGETGANNLFF	TRBV6-1*01	TRBJ2-1*01	CASSEARRYNEQFF
4z7u	human	2	DQA1*03:01,DQB1*03:02	GEGSFQPSQEN	TRAV26-2*01	TRAJ49*01	CILRDRSNQFYF	TRBV9*01	TRBJ2-5*01	CASSTTPGTGTETQYF
6u3n	human	2	DQA1*05:01,DQB1*02:01	APMPMPELPYP	TRAV8-3*01	TRAJ33*01	CAVGAGSNYQLIW	TRBV5-5*01	TRBJ2-1*01	CASSLEGQGASEQFF
4ozf	human	2	DQA1*05:01,DQB1*02:01	APQPELPYPQP	TRAV26-1*01	TRAJ54*01	CIAFQGAQKLVF	TRBV7-2*01	TRBJ2-3*01	CASSFRALAADTQYF
4ozi	human	2	DQA1*05:01,DQB1*02:01	QPFPQPELPYP	TRAV4*01	TRAJ4*01	CLVGDGGSFSGGYNKLIF	TRBV20-1*01	TRBJ2-5*01	CSAGVGGQETQYF
6u3o	human	2	DQA1*05:01,DQB1*02:01	VVQSELPYPEG	TRAV26-1*01	TRAJ54*01	CIAFQGAQKLVF	TRBV7-2*01	TRBJ2-3*01	CASSFRALAADTQYF
5ksb	human	2	DQA1*05:01,DQB1*03:02	GPQQSFPEQEA	TRAV20*01	TRAJ6*01	CAVQASGGSYIPTF	TRBV9*01	TRBJ2-3*01	CASSNRGLGTDTQYF
5ksa	human	2	DQA1*05:01,DQB1*03:02	QPQQSFPEQEA	TRAV20*01	TRAJ33*01	CAVQFMDSNYQLIW	TRBV9*01	TRBJ2-7*01	CASSVAGTPSYEQYF
2iam	human	2	DRA*01:01,DRB1*01:01	LIGILNAAKVP	TRAV22*01	TRAJ54*01	CAALIQGAQKLVF	TRBV6-6*01	TRBJ1-3*01	CASTYHGTGYF
4e41	human	2	DRA*01:01,DRB1*01:01	LIGILNAAKVP	TRAV22*01	TRAJ18*01	CAVDRGSTLGRLYF	TRBV5-8*01	TRBJ2-5*01	CASSQIRETQYF
1j8h	human	2	DRA*01:01,DRB1*04:01	KYVKQNTLKLA	TRAV8-4*01	TRAJ48*01	CAVSESPFGNEKLTF	TRBV28*01	TRBJ1-2*01	CASSSTGLPYGYTF
3o6f	human	2	DRA*01:01,DRB1*04:01	SWGAEGQRPGF	TRAV26-2*01	TRAJ32*01	CTVYGGATNKLIF	TRBV20-1*01	TRBJ1-6*01	CSARGGSYNSPLHF
6cql	human	2	DRA*01:01,DRB1*11:01	FYKTLRAEQAS	TRAV24*02	TRAJ17*01	CAFKAAGNKLTF	TRBV2*01	TRBJ2-1*01	CASSRLAGGMDEQFF
4h1l	human	2	DRA*01:01,DRB3*03:01	HIRCNIPKRIS	TRAV8-3*01	TRAJ37*01	CAVGASGNTGKLIF	TRBV19*01	TRBJ2-2*01	CASSLRDGYTGELFF
1zgl	human	2	DRA*01:01,DRB5*01:01	FFKNIVTPRTP	TRAV9-2*01	TRAJ12*01	CALSGGDSSYKLIF	TRBV5-1*01	TRBJ1-1*01	CASSLADRVNTEAFF
3c60	mouse	2	H2ABa,H2ABb	EAQKAKANKAV	TRAV6-3*01	TRAJ13*01	CAANSGTYQRF	TRBV13-2*01	TRBJ2-4*01	CASGDFWGDTLYF
3rdt	mouse	2	H2ABa,H2ABb	EAQKAKANKAV	TRAV14D-3/DV8*02	TRAJ45*01	CAASKGADRLTF	TRBV13-2*01	TRBJ2-4*01	CASGDFWGDTLYF
3c5z	mouse	2	H2ABa,H2ABb	EAQKAKANKAV	TRAV6-7/DV9*03	TRAJ34*02	CALVISNTNKVVF	TRBV13-3*01	TRBJ1-3*01	CASIDSSGNTLYF
6mnn	mouse	2	H2ABa,H2ABb	SYYGPKTSPVQ	TRAV14D-3/DV8*02	TRAJ52*01	CAASVTGANTGKLTF	TRBV13-2*01	TRBJ2-4*01	CASGDFWGDTLYF
6dfs	mouse	2	H2AGa,H2AGb	ERLYLVCGEEG	TRAV10*01	TRAJ53*01	CAASPSNSGGSNYKLTF	TRBV1*01	TRBJ2-7*01	CTCSAGLGYEQYF
6dfw	mouse	2	H2AGa,H2AGb	ERLYLVCGGEG	TRAV5D-4*04	TRAJ53*01	CAASRRGSGGSNYKLTF	TRBV13-2*04	TRBJ2-7*01	CASGGLGGDEQYF
3mbe	mouse	2	H2AGa,H2AGb	KRHGLDNYRGY	TRAV4-2*01	TRAJ32*02	CAAEDGGSGNKLIF	TRBV13-3*01	TRBJ1-3*01	CASSWDRAGNTLYF
1d9k	mouse	2	H2AKa,H2AKb	SHRGAIEWEGI	TRAV14D-2*01	TRAJ4*01	CAATGSFNKLTF	TRBV13-2*01	TRBJ2-1*01	CASGGQGRAEQFF
2z31	mouse	2	H2AUa,H2AUb	RGGASQYRPSQ	TRAV6D-7*01	TRAJ48*01	CALSENYGNEKITF	TRBV13-2*01	TRBJ2-4*01	CASGDASGGNTLYF
1u3h	mouse	2	H2AUa,H2AUb	RGGASQYRPSQ	TRAV14-3*01	TRAJ13*01	CAASANSGTYQRF	TRBV13-2*01	TRBJ2-7*01	CASGDAGGGYEQYF
7jwj	mouse	1	H2Db	ASNENMETM	TRAV4-4/DV10*01	TRAJ37*01	CAAVTGNTGKLIF	TRBV17*01	TRBJ1-1*01	CASSRGTIHSNTEVFF
5m02	mouse	1	H2Db	KAPFNFATM	TRAV14D-1*01	TRAJ48*01	CAALYGNEKITF	TRBV13-3*01	TRBJ2-4*01	CASSDAGGRNTLYF
6g9q	mouse	1	H2Db	KAPYDYAPI	TRAV14D-1*01	TRAJ48*01	CAALYGNEKITF	TRBV13-3*01	TRBJ2-4*01	CASSDAGGRNTLYF
5wlg	mouse	1	H2Db	SQLLNAKYL	TRAV8-2*01	TRAJ26*01	CATVYAQGLTF	TRBV13-3*01	TRBJ2-2*01	CASSDWGDTGQLYF
3pqy	mouse	1	H2Db	SSLENFRAYV	TRAV21/DV12*01	TRAJ53*01	CILSGGSNYKLTF	TRBV29*01	TRBJ2-7*01	CASSFGREQYF
5ivx	mouse	1	H2Dd	RGPGRAFVTI	TRAV14-3*02	TRAJ38*01	CAASASFGDNSKLIW	TRBV29*01	TRBJ1-1*01	CASSLGHTEVFF
4p2q	mouse	2	H2EKa,H2EKb	GLAYFRSSFKG	TRAV4D-4*03	TRAJ34*02	CAAEASNTNKVVF	TRBV26*01	TRBJ1-2*01	CASSLNNANSDYTF
4p2r	mouse	2	H2EKa,H2EKb	GVAFFLTPFKA	TRAV4D-4*03	TRAJ34*02	CAAEASNTNKVVF	TRBV26*01	TRBJ1-2*01	CASSLNNANSDYTF
3qib	mouse	2	H2EKa,H2EKb	LIAYLKQATKG	TRAV4D-4*02	TRAJ56*01	CAALRATGGNNKLTF	TRBV26*01	TRBJ2-5*01	CASSLNWSQDTQYF
3qiu	mouse	2	H2EKa,H2EKb	LIAYLKQATKG	TRAV4D-4*03	TRAJ16*01	CAAEPSSGQKLVF	TRBV26*01	TRBJ1-2*01	CASSLNNANSDYTF
4p2o	mouse	2	H2EKa,H2EKb	PLAFFSSAIKG	TRAV4D-4*02	TRAJ56*01	CAALRATGGNNKLTF	TRBV26*01	TRBJ2-5*01	CASSLNWSQDTQYF
6bga	mouse	2	H2EKa,H2EKb	SLSFFSSSIKR	TRAV4D-4*02	TRAJ56*01	CAALRATGGNNKLTF	TRBV26*01	TRBJ2-5*01	CASSLNWSQDTQYF
1mwa	mouse	1	H2Kb	EQYKFYSV	TRAV9-4*01	TRAJ35*02	CAVSGFASALTF	TRBV13-2*01	TRBJ2-4*01	CASGGGGTLYF
1fo0	mouse	1	H2Kb	INFDFNTI	TRAV16*01	TRAJ32*02	CAMRGDYGGSGNKLIF	TRBV1*01	TRBJ1-3*01	CTCSADRVGNTLYF
1kj2	mouse	1	H2Kb	KVITFIDL	TRAV14-1*01	TRAJ15*01	CAARYQGGRALIF	TRBV1*01	TRBJ2-3*01	CTCSAAPDWGASAETLYF
1nam	mouse	1	H2Kb	RGYVYQGL	TRAV16*01	TRAJ32*02	CAMRGDYGGSGNKLIF	TRBV1*01	TRBJ1-3*01	CTCSADRVGNTLYF
1g6r	mouse	1	H2Kb	SIYRYYGL	TRAV9-4*01	TRAJ35*02	CAVSGFASALTF	TRBV13-2*01	TRBJ2-4*01	CASGGGGTLYF
2ol3	mouse	1	H2Kb	SQYYYNSL	TRAV16*01	TRAJ32*02	CAMRGDYGGSGNKLIF	TRBV1*01	TRBJ1-3*01	CTCSADRVGNTLYF
3tpu	mouse	1	H2Ld	FLSPFWFDI	TRAV9D-3*01	TRAJ58*01	CAVSAKGTGSKLSF	TRBV13-1*02	TRBJ2-2*01	CASSDAPGQLYF
4n0c	mouse	1	H2Ld	MPAGRPWDL	TRAV9D-3*01	TRAJ58*01	CAVSAKGTGSKLSF	TRBV13-1*02	TRBJ2-2*01	CASSDAPGQLYF
3tfk	mouse	1	H2Ld	QLSDVPMDL	TRAV9D-3*01	TRAJ58*01	CAVSAKGTGSKLSF	TRBV13-1*02	TRBJ2-2*01	CASSDAPGQLYF
3tf7	mouse	1	H2Ld	QLSPFPFDL	TRAV9D-3*01	TRAJ58*01	CAVSAKGTGSKLSF	TRBV13-1*02	TRBJ2-2*01	CASSDAPGQLYF
2oi9	mouse	1	H2Ld	QLSPFPFDL	TRAV9-4*01	TRAJ35*02	CAVSGFASALTF	TRBV13-2*01	TRBJ2-4*01	CASGGGGTLYF
4mvb	mouse	1	H2Ld	QPAEGGFQL	TRAV9D-3*01	TRAJ58*01	CAVSAKGTGSKLSF	TRBV13-1*02	TRBJ2-2*01	CASSDAPGQLYF
4mxq	mouse	1	H2Ld	SPAPRPLDL	TRAV9D-3*01	TRAJ58*01	CAVSAKGTGSKLSF	TRBV13-1*02	TRBJ2-2*01	CASSDAPGQLYF
6l9l	mouse	1	H2Ld	SPSYAYHQF	TRAV21/DV12*01	TRAJ58*01	CILQGTGSKLSF	TRBV13-1*02	TRBJ2-7*01	CASSDGDYEQYF
4n5e	mouse	1	H2Ld	VPYMAEFGM	TRAV9D-3*01	TRAJ58*01	CAVSAKGTGSKLSF	TRBV13-1*02	TRBJ2-2*01	CASSDAPGQLYF
